ADW_ID,Asset,PST_Code,First,Last,Months,Ann_Return,Ann_Vol
SP500_ER,S&P500 EMINI,SP500,1982-10,2026-04,511,6.13%,11.96%
DAX_ER,DAX Mini,DAX,2000-04,2026-04,301,4.00%,16.58%
NIKKEI225_ER,NIKKEI 225,NIKKEI,2011-07,2026-04,162,21.58%,23.68%
FTSE100_ER,FTSE 100,FTSE100,1984-06,2026-04,491,7.43%,21.05%
US_ULTRA10Y_ER,US 10YR NOTE,US10,1991-11,2026-04,402,7.96%,14.91%
EUROBUND_ER,EURO-BUND,BUND,2007-01,2026-03,219,3.99%,7.58%
JGB10Y_ER,JPN 10Y BOND,JGB,2002-01,2026-04,280,1.21%,3.05%
GILT_ER,LONG GILT,GILT,1996-07,2026-04,346,8.81%,14.81%
GOLD_ER,GOLD 100 OZ,GOLD,1975-05,2026-04,600,2.49%,10.19%
