index,PRICE,FORWARD,CARRY,PRICE_CONTRACT,FORWARD_CONTRACT,CARRY_CONTRACT
2025-04-03 23:00:00,3121.7,3147.8,3147.8,20250600,20250800,20250800
2025-04-04 23:00:00,3035.4,3060.3,3060.3,20250600,20250800,20250800
2025-04-07 23:00:00,2973.6,2998.0,2998.0,20250600,20250800,20250800
2025-04-08 23:00:00,2990.2,3015.2,3015.2,20250600,20250800,20250800
2025-04-09 23:00:00,3079.4,3105.2,3105.2,20250600,20250800,20250800
2025-04-10 23:00:00,3177.5,3203.8,3203.8,20250600,20250800,20250800
2025-04-11 23:00:00,3244.6,3272.1,3272.1,20250600,20250800,20250800
2025-04-14 23:00:00,3226.3,3253.1,3253.1,20250600,20250800,20250800
2025-04-15 23:00:00,3240.4,3267.5,3267.5,20250600,20250800,20250800
2025-04-16 23:00:00,3346.4,3375.1,3375.1,20250600,20250800,20250800
2025-04-17 23:00:00,3328.4,3357.1,3357.1,20250600,20250800,20250800
2025-04-21 23:00:00,3425.3,3454.6,3454.6,20250600,20250800,20250800
2025-04-22 23:00:00,3419.4,3448.7,3448.7,20250600,20250800,20250800
2025-04-23 23:00:00,3294.1,3322.6,3322.6,20250600,20250800,20250800
2025-04-24 23:00:00,3348.6,3377.9,3377.9,20250600,20250800,20250800
2025-04-25 23:00:00,3298.4,3327.2,3327.2,20250600,20250800,20250800
2025-04-28 23:00:00,3347.7,3376.8,3376.8,20250600,20250800,20250800
2025-04-29 23:00:00,3333.6,3362.5,3362.5,20250600,20250800,20250800
2025-04-30 23:00:00,3319.1,3347.9,3347.9,20250600,20250800,20250800
2025-05-01 23:00:00,3250.3,3276.5,3276.5,20250800,20251000,20251000
2025-05-02 23:00:00,3271.7,3298.1,3298.1,20250800,20251000,20251000
2025-05-05 23:00:00,3351.1,3378.1,3378.1,20250800,20251000,20251000
2025-05-06 23:00:00,3452.1,3480.0,3480.0,20250800,20251000,20251000
2025-05-07 23:00:00,3421.2,3449.1,3449.1,20250800,20251000,20251000
2025-05-08 23:00:00,3334.7,3362.3,3362.3,20250800,20251000,20251000
2025-05-09 23:00:00,3372.6,3400.2,3400.2,20250800,20251000,20251000
2025-05-12 23:00:00,3256.1,3283.3,3283.3,20250800,20251000,20251000
2025-05-13 23:00:00,3275.9,3303.5,3303.5,20250800,20251000,20251000
2025-05-14 23:00:00,3216.0,3243.2,3243.2,20250800,20251000,20251000
2025-05-15 23:00:00,3254.1,3281.2,3281.2,20250800,20251000,20251000
2025-05-16 23:00:00,3214.4,3241.4,3241.4,20250800,20251000,20251000
2025-05-19 23:00:00,3261.4,3288.9,3288.9,20250800,20251000,20251000
2025-05-20 23:00:00,3312.6,3340.0,3340.0,20250800,20251000,20251000
2025-05-21 23:00:00,3341.9,3370.0,3370.0,20250800,20251000,20251000
2025-05-22 23:00:00,3323.6,3351.7,3351.7,20250800,20251000,20251000
2025-05-23 23:00:00,3394.5,3422.9,3422.9,20250800,20251000,20251000
2025-05-27 23:00:00,3328.3,3356.9,3356.9,20250800,20251000,20251000
2025-05-28 23:00:00,3322.4,3350.3,3350.3,20250800,20251000,20251000
2025-05-29 23:00:00,3343.9,3371.3,3371.3,20250800,20251000,20251000
2025-05-30 23:00:00,3315.4,3342.6,3342.6,20250800,20251000,20251000
2025-06-02 23:00:00,3397.2,3424.8,3424.8,20250800,20251000,20251000
2025-06-03 23:00:00,3377.1,3404.8,3404.8,20250800,20251000,20251000
2025-06-04 23:00:00,3399.2,3427.2,3427.2,20250800,20251000,20251000
2025-06-05 23:00:00,3375.1,3402.9,3402.9,20250800,20251000,20251000
2025-06-06 23:00:00,3346.6,3374.5,3374.5,20250800,20251000,20251000
2025-06-09 23:00:00,3354.9,3382.6,3382.6,20250800,20251000,20251000
2025-06-10 23:00:00,3343.4,3371.2,3371.2,20250800,20251000,20251000
2025-06-11 23:00:00,3343.7,3371.4,3371.4,20250800,20251000,20251000
2025-06-12 23:00:00,3402.4,3429.9,3429.9,20250800,20251000,20251000
2025-06-13 23:00:00,3452.8,3480.5,3480.5,20250800,20251000,20251000
2025-06-16 23:00:00,3417.3,3445.0,3445.0,20250800,20251000,20251000
2025-06-17 23:00:00,3406.9,3434.6,3434.6,20250800,20251000,20251000
2025-06-18 23:00:00,3408.1,3435.7,3435.7,20250800,20251000,20251000
2025-06-20 23:00:00,3385.7,3413.2,3413.2,20250800,20251000,20251000
2025-06-23 23:00:00,3395.0,3422.5,3422.5,20250800,20251000,20251000
2025-06-24 23:00:00,3333.9,3361.4,3361.4,20250800,20251000,20251000
2025-06-25 23:00:00,3343.1,3370.8,3370.8,20250800,20251000,20251000
2025-06-26 23:00:00,3348.0,3375.7,3375.7,20250800,20251000,20251000
2025-06-27 23:00:00,3287.6,3315.3,3315.3,20250800,20251000,20251000
2025-06-30 23:00:00,3307.7,3335.4,3335.4,20250800,20251000,20251000
2025-07-01 23:00:00,3377.5,3405.1,3405.1,20251000,20251200,20251200
2025-07-02 23:00:00,3387.5,3415.2,3415.2,20251000,20251200,20251200
2025-07-03 23:00:00,3372.8,3399.6,3399.6,20251000,20251200,20251200
2025-07-07 23:00:00,3374.1,3402.8,3402.8,20251000,20251200,20251200
2025-07-08 23:00:00,3338.4,3364.5,3364.5,20251000,20251200,20251200
2025-07-09 23:00:00,3350.1,3378.0,3378.0,20251000,20251200,20251200
2025-07-10 23:00:00,3360.8,3388.4,3388.4,20251000,20251200,20251200
2025-07-11 23:00:00,3399.6,3425.9,3425.9,20251000,20251200,20251200
2025-07-14 23:00:00,3380.1,3408.2,3408.2,20251000,20251200,20251200
2025-07-15 23:00:00,3358.4,3386.2,3386.2,20251000,20251200,20251200
2025-07-16 23:00:00,3382.3,3410.0,3410.0,20251000,20251200,20251200
2025-07-17 23:00:00,3372.6,3401.4,3401.4,20251000,20251200,20251200
2025-07-18 23:00:00,3383.3,3412.0,3412.0,20251000,20251200,20251200
2025-07-21 23:00:00,3437.6,3467.1,3467.1,20251000,20251200,20251200
2025-07-22 23:00:00,3472.1,3502.0,3502.0,20251000,20251200,20251200
2025-07-23 23:00:00,3425.7,3456.1,3456.1,20251000,20251200,20251200
2025-07-24 23:00:00,3400.1,3429.2,3429.2,20251000,20251200,20251200
2025-07-25 23:00:00,3367.4,3395.3,3395.3,20251000,20251200,20251200
2025-07-28 23:00:00,3343.2,3370.9,3370.9,20251000,20251200,20251200
2025-07-29 23:00:00,3354.5,3383.0,3383.0,20251000,20251200,20251200
2025-07-30 23:00:00,3300.9,3327.9,3327.9,20251000,20251200,20251200
2025-07-31 23:00:00,3314.9,3342.3,3342.3,20251000,20251200,20251200
2025-08-01 23:00:00,3388.8,3416.0,3416.0,20251000,20251200,20251200
2025-08-04 23:00:00,3401.5,3428.6,3428.6,20251000,20251200,20251200
2025-08-05 23:00:00,3408.1,3435.0,3435.0,20251000,20251200,20251200
2025-08-06 23:00:00,3403.6,3431.8,3431.8,20251000,20251200,20251200
2025-08-07 23:00:00,3453.9,3482.7,3482.7,20251000,20251200,20251200
2025-08-08 23:00:00,3429.5,3458.2,3458.2,20251000,20251200,20251200
2025-08-11 23:00:00,3365.4,3393.7,3393.7,20251000,20251200,20251200
2025-08-12 23:00:00,3371.6,3399.6,3399.6,20251000,20251200,20251200
2025-08-13 23:00:00,3379.8,3407.0,3407.0,20251000,20251200,20251200
2025-08-14 23:00:00,3355.0,3382.3,3382.3,20251000,20251200,20251200
2025-08-15 23:00:00,3354.3,3381.7,3381.7,20251000,20251200,20251200
2025-08-18 23:00:00,3351.2,3378.0,3378.0,20251000,20251200,20251200
2025-08-19 23:00:00,3332.1,3358.9,3358.9,20251000,20251200,20251200
2025-08-20 23:00:00,3365.2,3392.2,3392.2,20251000,20251200,20251200
2025-08-21 23:00:00,3356.0,3383.5,3383.5,20251000,20251200,20251200
2025-08-22 23:00:00,3389.4,3417.2,3417.2,20251000,20251200,20251200
2025-08-25 23:00:00,3383.7,3410.7,3410.7,20251000,20251200,20251200
2025-08-26 23:00:00,3414.5,3443.2,3443.2,20251000,20251200,20251200
2025-08-27 23:00:00,3424.2,3451.8,3451.8,20251000,20251200,20251200
2025-08-28 23:00:00,3448.1,3476.9,3476.9,20251000,20251200,20251200
2025-08-29 23:00:00,3487.7,3516.1,3516.1,20251000,20251200,20251200
2025-09-02 23:00:00,3599.5,3629.6,3629.6,20251200,20260200,20260200
2025-09-03 23:00:00,3619.7,3648.5,3648.5,20251200,20260200,20260200
2025-09-04 23:00:00,3602.4,3630.8,3630.8,20251200,20260200,20260200
2025-09-05 23:00:00,3639.8,3669.0,3669.0,20251200,20260200,20260200
2025-09-08 23:00:00,3677.6,3705.9,3705.9,20251200,20260200,20260200
2025-09-09 23:00:00,3663.8,3694.4,3694.4,20251200,20260200,20260200
2025-09-10 23:00:00,3680.4,3708.9,3708.9,20251200,20260200,20260200
2025-09-11 23:00:00,3673.4,3701.0,3701.0,20251200,20260200,20260200
2025-09-12 23:00:00,3680.7,3710.0,3710.0,20251200,20260200,20260200
2025-09-15 23:00:00,3719.5,3748.5,3748.5,20251200,20260200,20260200
2025-09-16 23:00:00,3727.5,3756.3,3756.3,20251200,20260200,20260200
2025-09-17 23:00:00,3694.6,3722.8,3722.8,20251200,20260200,20260200
2025-09-18 23:00:00,3678.2,3705.0,3705.0,20251200,20260200,20260200
2025-09-19 23:00:00,3719.4,3747.9,3747.9,20251200,20260200,20260200
2025-09-22 23:00:00,3781.2,3811.3,3811.3,20251200,20260200,20260200
2025-09-23 23:00:00,3796.9,3825.5,3825.5,20251200,20260200,20260200
2025-09-24 23:00:00,3768.5,3799.4,3799.4,20251200,20260200,20260200
2025-09-25 23:00:00,3780.5,3814.0,3814.0,20251200,20260200,20260200
2025-09-26 23:00:00,3789.8,3820.8,3820.8,20251200,20260200,20260200
2025-09-29 23:00:00,3862.9,3895.0,3895.0,20251200,20260200,20260200
2025-09-30 23:00:00,3887.6,3919.4,3919.4,20251200,20260200,20260200
2025-10-01 23:00:00,3892.6,3923.2,3923.2,20251200,20260200,20260200
2025-10-02 23:00:00,3880.8,3912.0,3912.0,20251200,20260200,20260200
2025-10-03 23:00:00,3912.1,3942.2,3942.2,20251200,20260200,20260200
2025-10-06 23:00:00,3984.4,4017.0,4017.0,20251200,20260200,20260200
2025-10-07 23:00:00,4007.9,4041.7,4041.7,20251200,20260200,20260200
2025-10-08 23:00:00,4060.6,4094.6,4094.6,20251200,20260200,20260200
2025-10-09 23:00:00,3991.1,4024.0,4024.0,20251200,20260200,20260200
2025-10-10 23:00:00,4035.5,4067.5,4067.5,20251200,20260200,20260200
2025-10-13 23:00:00,4130.0,4162.8,4162.8,20251200,20260200,20260200
2025-10-14 23:00:00,4159.6,4195.9,4195.9,20251200,20260200,20260200
2025-10-15 23:00:00,4224.9,4258.8,4258.8,20251200,20260200,20260200
2025-10-16 23:00:00,4344.3,4379.0,4379.0,20251200,20260200,20260200
2025-10-17 23:00:00,4267.9,4300.5,4300.5,20251200,20260200,20260200
2025-10-20 23:00:00,4374.3,4409.0,4409.0,20251200,20260200,20260200
2025-10-21 23:00:00,4138.5,4172.6,4172.6,20251200,20260200,20260200
2025-10-22 23:00:00,4116.6,4151.1,4151.1,20251200,20260200,20260200
2025-10-23 23:00:00,4143.2,4176.5,4176.5,20251200,20260200,20260200
2025-10-24 23:00:00,4126.9,4160.5,4160.5,20251200,20260200,20260200
2025-10-27 23:00:00,3997.0,4029.7,4029.7,20251200,20260200,20260200
2025-10-28 23:00:00,3968.1,3999.6,3999.6,20251200,20260200,20260200
2025-10-29 23:00:00,3941.7,3975.7,3975.7,20251200,20260200,20260200
2025-10-30 23:00:00,4038.3,4071.9,4071.9,20251200,20260200,20260200
2025-10-31 23:00:00,4046.8,4059.0,4059.0,20260200,20260400,20260400
2025-11-03 23:00:00,4047.5,4077.2,4077.2,20260200,20260400,20260400
2025-11-04 23:00:00,3974.0,4022.5,4022.5,20260200,20260400,20260400
2025-11-05 23:00:00,4025.4,4055.7,4055.7,20260200,20260400,20260400
2025-11-06 23:00:00,4017.8,4053.6,4053.6,20260200,20260400,20260400
2025-11-07 23:00:00,4043.1,4072.8,4072.8,20260200,20260400,20260400
2025-11-10 23:00:00,4157.1,4186.5,4186.5,20260200,20260400,20260400
2025-11-11 23:00:00,4167.5,4180.9,4180.9,20260200,20260400,20260400
2025-11-12 23:00:00,4236.4,4279.2,4279.2,20260200,20260400,20260400
2025-11-13 23:00:00,4211.4,4261.7,4261.7,20260200,20260400,20260400
2025-11-14 23:00:00,4117.8,4159.0,4159.0,20260200,20260400,20260400
2025-11-17 23:00:00,4081.8,4139.5,4139.5,20260200,20260400,20260400
2025-11-18 23:00:00,4102.0,4131.2,4131.2,20260200,20260400,20260400
2025-11-19 23:00:00,4113.2,4148.3,4148.3,20260200,20260400,20260400
2025-11-20 23:00:00,4113.0,4125.3,4125.3,20260200,20260400,20260400
2025-11-21 23:00:00,4099.2,4144.9,4144.9,20260200,20260400,20260400
2025-11-24 23:00:00,4170.2,4159.6,4159.6,20260200,20260400,20260400
2025-11-25 23:00:00,4165.2,4206.5,4206.5,20260200,20260400,20260400
2025-11-26 23:00:00,4196.1,4231.8,4231.8,20260200,20260400,20260400
2025-11-28 23:00:00,4251.4,4280.5,4280.5,20260200,20260400,20260400
2025-12-01 23:00:00,4265.0,4296.0,4296.0,20260200,20260400,20260400
2025-12-02 23:00:00,4238.7,4268.4,4268.4,20260200,20260400,20260400
2025-12-03 23:00:00,4234.8,4266.2,4266.2,20260200,20260400,20260400
2025-12-04 23:00:00,4237.9,4269.3,4269.3,20260200,20260400,20260400
2025-12-05 23:00:00,4227.7,4256.4,4256.4,20260200,20260400,20260400
2025-12-08 23:00:00,4219.9,4250.1,4250.1,20260200,20260400,20260400
2025-12-09 23:00:00,4236.6,4268.3,4268.3,20260200,20260400,20260400
2025-12-10 23:00:00,4258.3,4291.1,4291.1,20260200,20260400,20260400
2025-12-11 23:00:00,4309.3,4340.8,4340.8,20260200,20260400,20260400
2025-12-12 23:00:00,4329.8,4361.0,4361.0,20260200,20260400,20260400
2025-12-15 23:00:00,4334.3,4364.3,4364.3,20260200,20260400,20260400
2025-12-16 23:00:00,4332.2,4364.8,4364.8,20260200,20260400,20260400
2025-12-17 23:00:00,4371.4,4403.0,4403.0,20260200,20260400,20260400
2025-12-18 23:00:00,4363.9,4395.5,4395.5,20260200,20260400,20260400
2025-12-19 23:00:00,4368.7,4400.3,4400.3,20260200,20260400,20260400
2025-12-22 23:00:00,4480.6,4512.7,4512.7,20260200,20260400,20260400
2025-12-23 23:00:00,4515.0,4545.3,4545.3,20260200,20260400,20260400
2025-12-24 23:00:00,4505.4,4537.9,4537.9,20260200,20260400,20260400
2025-12-26 23:00:00,4562.0,4595.7,4595.7,20260200,20260400,20260400
2025-12-29 23:00:00,4350.2,4382.3,4382.3,20260200,20260400,20260400
2025-12-30 23:00:00,4352.3,4383.1,4383.1,20260200,20260400,20260400
2025-12-31 23:00:00,4332.1,4365.3,4365.3,20260200,20260400,20260400
2026-01-02 23:00:00,4369.5,4406.7,4406.7,20260400,20260600,20260600
2026-01-05 23:00:00,4493.5,4525.7,4525.7,20260400,20260600,20260600
2026-01-06 23:00:00,4538.9,4571.5,4571.5,20260400,20260600,20260600
2026-01-07 23:00:00,4498.3,4526.9,4526.9,20260400,20260600,20260600
2026-01-08 23:00:00,4520.5,4550.0,4550.0,20260400,20260600,20260600
2026-01-09 23:00:00,4551.8,4585.6,4585.6,20260400,20260600,20260600
2026-01-12 23:00:00,4640.0,4668.0,4668.0,20260400,20260600,20260600
2026-01-13 23:00:00,4628.0,4663.7,4663.7,20260400,20260600,20260600
2026-01-14 23:00:00,4667.3,4700.4,4700.4,20260400,20260600,20260600
2026-01-15 23:00:00,4654.6,4687.1,4687.1,20260400,20260600,20260600
2026-01-16 23:00:00,4634.8,4667.5,4667.5,20260400,20260600,20260600
2026-01-20 23:00:00,4804.0,4835.7,4835.7,20260400,20260600,20260600
2026-01-21 23:00:00,4870.1,4905.0,4905.0,20260400,20260600,20260600
2026-01-22 23:00:00,4974.9,5013.2,5013.2,20260400,20260600,20260600
2026-01-23 23:00:00,5020.0,5064.0,5064.0,20260400,20260600,20260600
2026-01-26 23:00:00,5043.4,5081.7,5081.7,20260400,20260600,20260600
2026-01-27 23:00:00,5218.8,5255.2,5255.2,20260400,20260600,20260600
2026-01-28 23:00:00,5447.8,5489.9,5489.9,20260400,20260600,20260600
2026-01-29 23:00:00,5410.8,5452.0,5452.0,20260400,20260600,20260600
2026-01-30 23:00:00,4907.5,4947.7,4947.7,20260400,20260600,20260600
2026-02-02 23:00:00,4680.9,4715.9,4715.9,20260400,20260600,20260600
2026-02-03 23:00:00,4970.5,5005.9,5005.9,20260400,20260600,20260600
2026-02-04 23:00:00,4986.4,5024.7,5024.7,20260400,20260600,20260600
2026-02-05 23:00:00,4798.1,4832.6,4832.6,20260400,20260600,20260600
2026-02-06 23:00:00,4988.6,5026.8,5026.8,20260400,20260600,20260600
2026-02-09 23:00:00,5084.2,5124.5,5124.5,20260400,20260600,20260600
2026-02-10 23:00:00,5047.9,5086.0,5086.0,20260400,20260600,20260600
2026-02-11 23:00:00,5107.8,5146.0,5146.0,20260400,20260600,20260600
2026-02-12 23:00:00,4941.4,4979.0,4979.0,20260400,20260600,20260600
2026-02-13 23:00:00,5063.8,5101.0,5101.0,20260400,20260600,20260600
2026-02-17 23:00:00,4896.1,4933.1,4933.1,20260400,20260600,20260600
2026-02-18 23:00:00,4996.1,5035.3,5035.3,20260400,20260600,20260600
2026-02-19 23:00:00,5015.5,5052.5,5052.5,20260400,20260600,20260600
2026-02-20 23:00:00,5130.0,5168.6,5168.6,20260400,20260600,20260600
2026-02-23 23:00:00,5247.9,5288.0,5288.0,20260400,20260600,20260600
2026-02-24 23:00:00,5160.5,5201.0,5201.0,20260400,20260600,20260600
2026-02-25 23:00:00,5183.7,5221.2,5221.2,20260400,20260600,20260600
2026-02-26 23:00:00,5201.5,5241.0,5241.0,20260400,20260600,20260600
2026-02-27 23:00:00,5296.4,5336.0,5336.0,20260400,20260600,20260600
2026-03-02 23:00:00,5378.2,5418.0,5418.0,20260600,20260800,20260800
2026-03-03 23:00:00,5137.8,5175.6,5175.6,20260600,20260800,20260800
2026-03-04 22:30:00,5197.6,5231.0,5231.0,20260600,20260800,20260800
2026-03-04 23:00:00,5190.5,5223.0,5223.0,20260600,20260800,20260800
2026-03-05 01:00:00,5191.9,5227.7,5227.7,20260600,20260800,20260800
2026-03-05 02:00:00,5180.3,5218.1,5218.1,20260600,20260800,20260800
2026-03-05 03:00:00,5186.1,5227.4,5227.4,20260600,20260800,20260800
2026-03-05 04:00:00,5186.1,5226.3,5226.3,20260600,20260800,20260800
2026-03-05 05:00:00,5190.5,5223.0,5223.0,20260600,20260800,20260800
2026-03-05 22:30:00,5150.0,5187.0,5187.0,20260600,20260800,20260800
2026-03-05 23:00:00,5150.5,5186.0,5186.0,20260600,20260800,20260800
2026-03-06 01:00:00,5109.0,5147.1,5147.1,20260600,20260800,20260800
2026-03-06 02:00:00,5116.2,5154.3,5154.3,20260600,20260800,20260800
2026-03-06 03:00:00,5112.2,5153.1,5153.1,20260600,20260800,20260800
2026-03-06 04:00:00,5125.1,5165.0,5165.0,20260600,20260800,20260800
2026-03-06 05:00:00,5127.9,5167.0,5167.0,20260600,20260800,20260800
2026-03-06 22:30:00,5177.3,5203.5,5203.5,20260600,20260800,20260800
2026-03-06 23:00:00,5191.8,5229.1,5229.1,20260600,20260800,20260800
2026-03-07 01:00:00,5189.0,5222.0,5222.0,20260600,20260800,20260800
2026-03-07 02:00:00,5211.0,5247.2,5247.2,20260600,20260800,20260800
2026-03-07 03:00:00,5209.4,5252.4,5252.4,20260600,20260800,20260800
2026-03-07 04:00:00,5200.1,5245.0,5245.0,20260600,20260800,20260800
2026-03-07 05:00:00,5219.6,5257.7,5257.7,20260600,20260800,20260800
2026-03-07 23:00:00,5188.6,5235.6,5235.6,20260600,20260800,20260800
2026-03-09 21:30:00,5120.8,5157.1,5157.1,20260600,20260800,20260800
2026-03-09 22:00:00,5143.2,5190.2,5190.2,20260600,20260800,20260800
2026-03-09 23:00:00,5186.1,5223.8,5223.8,20260600,20260800,20260800
2026-03-10 01:00:00,5144.8,5180.7,5180.7,20260600,20260800,20260800
2026-03-10 02:00:00,5172.9,5214.4,5214.4,20260600,20260800,20260800
2026-03-10 03:00:00,5190.9,5225.5,5225.5,20260600,20260800,20260800
2026-03-10 04:00:00,5186.1,5223.8,5223.8,20260600,20260800,20260800
2026-03-10 21:30:00,5252.4,5295.0,5295.0,20260600,20260800,20260800
2026-03-10 22:00:00,5258.3,5298.0,5298.0,20260600,20260800,20260800
2026-03-10 23:00:00,5240.3,5281.9,5281.9,20260600,20260800,20260800
2026-03-11 01:00:00,5277.2,5318.0,5318.0,20260600,20260800,20260800
2026-03-11 02:00:00,5239.0,5279.9,5279.9,20260600,20260800,20260800
2026-03-11 03:00:00,5245.6,5282.5,5282.5,20260600,20260800,20260800
2026-03-11 04:00:00,5240.3,5281.9,5281.9,20260600,20260800,20260800
2026-03-11 21:30:00,5223.5,5256.4,5256.4,20260600,20260800,20260800
2026-03-11 22:00:00,5232.6,5271.8,5271.8,20260600,20260800,20260800
2026-03-11 23:00:00,5276.0,5317.2,5317.2,20260600,20260800,20260800
2026-03-12 01:00:00,5215.5,5251.7,5251.7,20260600,20260800,20260800
2026-03-12 02:00:00,5218.4,5264.3,5264.3,20260600,20260800,20260800
2026-03-12 03:00:00,5230.0,5265.3,5265.3,20260600,20260800,20260800
2026-03-12 04:00:00,5223.4,5263.4,5263.4,20260600,20260800,20260800
2026-03-12 21:30:00,5195.5,5235.0,5235.0,20260600,20260800,20260800
2026-03-12 22:00:00,5188.0,5222.0,5222.0,20260600,20260800,20260800
2026-03-12 23:00:00,5222.8,5261.6,5261.6,20260600,20260800,20260800
2026-03-13 01:00:00,5148.9,5186.8,5186.8,20260600,20260800,20260800
2026-03-13 02:00:00,5137.9,5179.8,5179.8,20260600,20260800,20260800
2026-03-13 03:00:00,5130.6,5169.5,5169.5,20260600,20260800,20260800
2026-03-13 04:00:00,5120.9,5158.3,5158.3,20260600,20260800,20260800
2026-03-13 21:30:00,5145.7,5182.9,5182.9,20260600,20260800,20260800
2026-03-13 22:00:00,5082.9,5117.0,5117.0,20260600,20260800,20260800
2026-03-13 23:00:00,5061.2,5100.4,5100.4,20260600,20260800,20260800
2026-03-14 01:00:00,5086.9,5124.7,5124.7,20260600,20260800,20260800
2026-03-14 02:00:00,5087.8,5124.2,5124.2,20260600,20260800,20260800
2026-03-14 03:00:00,5059.5,5098.5,5098.5,20260600,20260800,20260800
2026-03-14 04:00:00,5061.2,5100.4,5100.4,20260600,20260800,20260800
2026-03-14 23:00:00,5087.9,5124.1,5124.1,20260600,20260800,20260800
2026-03-16 21:30:00,5073.9,5107.0,5107.0,20260600,20260800,20260800
2026-03-16 22:00:00,5037.5,5077.7,5077.7,20260600,20260800,20260800
2026-03-16 23:00:00,5027.4,5069.6,5069.6,20260600,20260800,20260800
2026-03-17 01:00:00,5032.0,5072.7,5072.7,20260600,20260800,20260800
2026-03-17 02:00:00,5055.7,5096.5,5096.5,20260600,20260800,20260800
2026-03-17 03:00:00,5056.9,5092.8,5092.8,20260600,20260800,20260800
2026-03-17 04:00:00,5049.6,5091.1,5091.1,20260600,20260800,20260800
2026-03-17 21:30:00,5058.6,5095.1,5095.1,20260600,20260800,20260800
2026-03-17 22:00:00,5049.4,5092.5,5092.5,20260600,20260800,20260800
2026-03-17 23:00:00,5038.3,5078.2,5078.2,20260600,20260800,20260800
2026-03-18 01:00:00,5043.6,5082.2,5082.2,20260600,20260800,20260800
2026-03-18 02:00:00,5045.0,5085.7,5085.7,20260600,20260800,20260800
2026-03-18 03:00:00,5042.2,5080.1,5080.1,20260600,20260800,20260800
2026-03-18 04:00:00,5048.8,5085.5,5085.5,20260600,20260800,20260800
2026-03-18 21:30:00,4918.5,4956.2,4956.2,20260600,20260800,20260800
2026-03-18 22:00:00,4909.9,4948.8,4948.8,20260600,20260800,20260800
2026-03-18 23:00:00,5043.4,5081.2,5081.2,20260600,20260800,20260800
2026-03-19 01:00:00,4931.7,4970.1,4970.1,20260600,20260800,20260800
2026-03-19 02:00:00,4894.1,4934.0,4934.0,20260600,20260800,20260800
2026-03-19 03:00:00,4883.8,4920.5,4920.5,20260600,20260800,20260800
2026-03-19 04:00:00,4859.0,4896.2,4896.2,20260600,20260800,20260800
2026-03-19 21:30:00,4659.7,4691.0,4691.0,20260600,20260800,20260800
2026-03-19 22:00:00,4638.1,4675.0,4675.0,20260600,20260800,20260800
2026-03-19 23:00:00,4928.2,4967.5,4967.5,20260600,20260800,20260800
2026-03-20 01:00:00,4653.9,4693.5,4693.5,20260600,20260800,20260800
2026-03-20 02:00:00,4660.1,4682.8,4682.8,20260600,20260800,20260800
2026-03-20 03:00:00,4682.0,4722.6,4722.6,20260600,20260800,20260800
2026-03-20 04:00:00,4687.3,4734.8,4734.8,20260600,20260800,20260800
2026-03-20 21:30:00,4651.0,4686.0,4686.0,20260600,20260800,20260800
2026-03-20 22:00:00,4598.9,4634.2,4634.2,20260600,20260800,20260800
2026-03-20 23:00:00,4622.6,4660.9,4660.9,20260600,20260800,20260800
2026-03-21 01:00:00,4608.4,4639.9,4639.9,20260600,20260800,20260800
2026-03-21 02:00:00,4535.0,4569.0,4569.0,20260600,20260800,20260800
2026-03-21 03:00:00,4536.7,4569.0,4569.0,20260600,20260800,20260800
2026-03-21 04:00:00,4525.5,4562.0,4562.0,20260600,20260800,20260800
2026-03-21 23:00:00,4620.5,4656.9,4656.9,20260600,20260800,20260800
2026-03-23 21:30:00,4489.7,4522.4,4522.4,20260600,20260800,20260800
2026-03-23 22:00:00,4496.5,4544.2,4544.2,20260600,20260800,20260800
2026-03-23 23:00:00,4399.2,4433.7,4433.7,20260600,20260800,20260800
2026-03-24 01:00:00,4461.5,4497.3,4497.3,20260600,20260800,20260800
2026-03-24 02:00:00,4484.3,4520.2,4520.2,20260600,20260800,20260800
2026-03-24 03:00:00,4433.2,4477.6,4477.6,20260600,20260800,20260800
2026-03-24 04:00:00,4442.2,4472.0,4472.0,20260600,20260800,20260800
2026-03-24 21:30:00,4414.0,4446.4,4446.4,20260600,20260800,20260800
2026-03-24 22:00:00,4448.5,4480.0,4480.0,20260600,20260800,20260800
2026-03-24 23:00:00,4504.9,4542.4,4542.4,20260600,20260800,20260800
2026-03-25 01:00:00,4419.7,4454.6,4454.6,20260600,20260800,20260800
2026-03-25 02:00:00,4423.1,4451.0,4451.0,20260600,20260800,20260800
2026-03-25 03:00:00,4433.1,4468.0,4468.0,20260600,20260800,20260800
2026-03-25 04:00:00,4504.9,4542.4,4542.4,20260600,20260800,20260800
2026-03-25 21:30:00,4575.0,4617.7,4617.7,20260600,20260800,20260800
2026-03-25 22:00:00,4597.8,4633.0,4633.0,20260600,20260800,20260800
2026-03-25 23:00:00,4590.5,4628.4,4628.4,20260600,20260800,20260800
2026-03-26 01:00:00,4581.5,4612.1,4612.1,20260600,20260800,20260800
2026-03-26 02:00:00,4568.7,4600.0,4600.0,20260600,20260800,20260800
2026-03-26 03:00:00,4561.7,4595.0,4595.0,20260600,20260800,20260800
2026-03-26 04:00:00,4535.5,4570.0,4570.0,20260600,20260800,20260800
2026-03-26 21:30:00,4482.5,4516.0,4516.0,20260600,20260800,20260800
2026-03-26 22:00:00,4494.9,4528.7,4528.7,20260600,20260800,20260800
2026-03-26 23:00:00,4466.8,4498.0,4498.0,20260600,20260800,20260800
2026-03-27 01:00:00,4409.4,4442.0,4442.0,20260600,20260800,20260800
2026-03-27 02:00:00,4423.5,4458.1,4458.1,20260600,20260800,20260800
2026-03-27 03:00:00,4394.1,4423.0,4423.0,20260600,20260800,20260800
2026-03-27 04:00:00,4407.5,4437.8,4437.8,20260600,20260800,20260800
2026-03-27 21:30:00,4458.6,4492.7,4492.7,20260600,20260800,20260800
2026-03-27 22:00:00,4540.1,4575.7,4575.7,20260600,20260800,20260800
2026-03-27 23:00:00,4417.8,4442.8,4442.8,20260600,20260800,20260800
2026-03-28 01:00:00,4515.5,4550.3,4550.3,20260600,20260800,20260800
2026-03-28 02:00:00,4546.1,4579.4,4579.4,20260600,20260800,20260800
2026-03-28 03:00:00,4543.1,4577.2,4577.2,20260600,20260800,20260800
2026-03-28 04:00:00,4521.3,4554.8,4554.8,20260600,20260800,20260800
2026-03-28 23:00:00,4546.5,4577.3,4577.3,20260600,20260800,20260800
2026-03-30 21:30:00,4553.7,4586.3,4586.3,20260600,20260800,20260800
2026-03-30 22:00:00,4569.2,4603.3,4603.3,20260600,20260800,20260800
2026-03-30 23:00:00,4578.1,4614.2,4614.2,20260600,20260800,20260800
2026-03-31 01:00:00,4544.8,4575.9,4575.9,20260600,20260800,20260800
2026-03-31 02:00:00,4528.8,4563.1,4563.1,20260600,20260800,20260800
2026-03-31 03:00:00,4543.2,4579.9,4579.9,20260600,20260800,20260800
2026-03-31 04:00:00,4540.4,4574.2,4574.2,20260600,20260800,20260800
2026-03-31 21:30:00,4637.3,4671.9,4671.9,20260600,20260800,20260800
2026-03-31 22:00:00,4628.7,4666.0,4666.0,20260600,20260800,20260800
2026-03-31 23:00:00,4569.5,4602.3,4602.3,20260600,20260800,20260800
2026-04-01 01:00:00,4685.5,4721.7,4721.7,20260600,20260800,20260800
2026-04-01 02:00:00,4698.2,4735.3,4735.3,20260600,20260800,20260800
2026-04-01 03:00:00,4713.3,4748.8,4748.8,20260600,20260800,20260800
2026-04-01 04:00:00,4699.6,4733.9,4733.9,20260600,20260800,20260800
2026-04-01 21:30:00,4765.4,4802.4,4802.4,20260600,20260800,20260800
2026-04-01 22:00:00,4788.4,4828.0,4828.0,20260600,20260800,20260800
2026-04-01 23:00:00,4814.4,4850.8,4850.8,20260600,20260800,20260800
2026-04-02 01:00:00,4801.4,4839.1,4839.1,20260600,20260800,20260800
2026-04-02 02:00:00,4779.5,4815.5,4815.5,20260600,20260800,20260800
2026-04-02 03:00:00,4791.7,4828.1,4828.1,20260600,20260800,20260800
2026-04-02 04:00:00,4784.6,4825.4,4825.4,20260600,20260800,20260800
2026-04-02 21:30:00,4672.9,4705.1,4705.1,20260600,20260800,20260800
2026-04-02 22:00:00,4707.9,4746.7,4746.7,20260600,20260800,20260800
2026-04-02 23:00:00,4815.0,4852.3,4852.3,20260600,20260800,20260800
2026-04-03 01:00:00,4675.7,4709.7,4709.7,20260600,20260800,20260800
2026-04-03 02:00:00,4695.2,4733.4,4733.4,20260600,20260800,20260800
2026-04-03 03:00:00,4697.9,4734.1,4734.1,20260600,20260800,20260800
2026-04-03 04:00:00,4702.7,4737.5,4737.5,20260600,20260800,20260800
2026-04-03 23:00:00,4686.5,4722.2,4722.2,20260600,20260800,20260800
