start,end,days,sign,avg_contracts,trade_return_pct
1982-09-30,1982-10-06,5,-1,1.8,-1.1612556053097485
1982-10-08,1982-11-22,32,1,3.78125,-0.5356955017283311
1982-11-23,1982-11-30,6,-1,1.0,-0.6267277417946906
1982-12-02,1982-12-15,10,1,1.9,-1.654185524429557
1982-12-22,1983-01-25,25,1,2.68,-1.5189758944622167
1983-01-28,1983-07-29,131,1,5.67175572519084,-1.8443165047487922
1983-08-02,1983-08-15,10,-1,1.6,-0.3018146338929228
1983-08-18,1983-08-24,5,1,1.8,-0.46176866503207514
1983-08-25,1983-08-30,4,-1,1.0,-0.14116596383891816
1983-09-01,1983-10-26,40,1,5.225,-3.7049738600820996
1983-10-31,1983-11-11,10,-1,3.2,-1.1989542908733208
1983-11-14,1983-12-06,17,1,1.8823529411764706,-0.04956485381493099
1983-12-12,1984-01-04,18,-1,2.5,-0.7696103078453393
1984-01-06,1984-01-23,12,1,3.5,-1.324019392193525
1984-01-24,1984-05-01,71,-1,6.323943661971831,2.47672272583632
1984-05-07,1984-08-02,64,-1,8.96875,-3.8771791559584905
1984-08-06,1984-10-02,42,1,5.238095238095238,-1.7386376363720961
1984-10-04,1984-10-15,8,-1,2.0,-0.8173670397411745
1984-10-16,1984-11-13,21,1,2.761904761904762,-2.1380888352340905
1984-11-15,1984-11-27,9,-1,2.2222222222222223,-0.42332863528243564
1984-11-29,1984-12-18,14,-1,4.642857142857143,-3.219347698091588
1984-12-19,1985-01-02,11,1,1.6363636363636365,-0.1579300384171156
1985-01-03,1985-01-10,6,-1,3.1666666666666665,-2.1078972687913176
1985-01-11,1985-03-15,46,1,7.326086956521739,3.572482367494359
1985-03-19,1985-03-19,1,-1,2.0,-0.0010279442101485757
1985-03-21,1985-04-08,13,1,1.3846153846153846,-0.7175302334966017
1985-04-09,1985-04-11,3,-1,1.6666666666666667,-0.3320138673840322
1985-04-15,1985-04-30,12,1,2.75,-0.929151729241866
1985-05-02,1985-05-08,5,-1,2.6,-0.6622747097920385
1985-05-10,1985-07-29,57,1,8.68421052631579,-3.311074397141935
1985-07-30,1985-08-01,3,-1,1.0,-0.05669144179303927
1985-08-02,1985-08-06,3,1,1.0,-0.2708501714078906
1985-08-07,1985-10-16,51,-1,4.549019607843137,-0.3819407683371001
1985-10-17,1986-01-22,70,1,9.771428571428572,11.290769410801131
1986-01-27,1986-07-14,121,1,8.140495867768594,5.9839059857175
1986-07-16,1986-07-24,7,-1,2.2857142857142856,-0.7987716602724544
1986-07-28,1986-07-28,1,1,1.0,-0.0007675907615069136
1986-07-30,1986-08-05,5,-1,1.0,-0.005769969695338856
1986-08-12,1986-09-11,23,1,7.304347826086956,-5.788115385428462
1986-09-12,1986-10-13,22,-1,2.3636363636363638,-4.446370572579931
1986-10-16,1986-10-20,3,1,1.0,-0.4258714041875372
1986-10-28,1986-11-18,16,1,4.125,-1.8801855028755674
1986-11-20,1986-11-20,1,-1,1.0,-0.0008963311740011287
1986-11-24,1986-12-29,26,1,3.8461538461538463,-2.895719304773834
1986-12-31,1987-01-02,3,-1,1.6666666666666667,-0.9217143443767556
1987-01-06,1987-04-14,71,1,8.56338028169014,24.371365525226945
1987-04-17,1987-04-24,6,1,1.1666666666666667,-0.6730885231338322
1987-05-01,1987-05-19,13,1,2.4615384615384617,-3.254457783972926
1987-05-21,1987-05-26,4,-1,1.0,-0.8910285602249319
1987-05-27,1987-09-08,75,1,7.226666666666667,14.833046424196427
1987-09-14,1987-09-21,6,1,1.5,-1.8632351782153347
1987-09-23,1987-10-08,12,1,2.5833333333333335,-3.0528432957393012
1987-10-12,1988-01-05,62,-1,1.1290322580645162,11.074692178093024
1988-01-11,1988-02-01,16,-1,1.0,-0.8678273656277097
1988-02-08,1988-02-12,5,-1,1.0,-0.8878166527682345
1988-02-23,1988-03-10,13,1,1.0,-0.2628173245763887
1988-03-17,1988-03-24,6,1,1.0,-0.8228176055551122
1988-03-28,1988-04-07,9,-1,2.111111111111111,-2.3641320253761036
1988-04-11,1988-04-14,4,1,1.5,-2.6556595179537026
1988-04-18,1988-05-31,32,-1,2.03125,-2.8019627434960417
1988-06-02,1988-07-12,29,1,2.103448275862069,1.0060495808442536
1988-07-25,1988-07-29,5,-1,2.0,-1.6825354422056247
1988-08-02,1988-08-09,6,1,1.0,-0.5662534854404762
1988-08-11,1988-09-06,19,-1,2.473684210526316,-0.5097490867753547
1988-09-15,1988-11-07,38,1,2.526315789473684,-0.8576473126165909
1988-11-11,1988-11-30,14,-1,2.9285714285714284,-1.687978949523166
1988-12-06,1989-01-03,21,1,2.142857142857143,-1.5255060031941026
1989-01-05,1989-02-27,38,1,6.078947368421052,2.5630500061096875
1989-03-06,1989-03-23,14,1,2.5,-2.821778326735577
1989-03-30,1989-10-13,142,1,6.288732394366197,-9.920755896760404
1989-10-31,1989-11-01,2,-1,1.0,-0.016175626662631663
1989-11-07,1989-11-10,4,-1,1.0,-0.5361740156068007
1989-11-27,1989-12-19,17,1,1.8235294117647058,-2.075840206799021
1989-12-28,1990-01-12,12,1,2.6666666666666665,-3.7106251825518566
1990-01-15,1990-03-06,37,-1,2.1621621621621623,-0.9389913853352811
1990-03-09,1990-03-13,3,1,1.0,-0.25126334301785747
1990-03-19,1990-03-22,4,1,1.5,-1.5037963445986464
1990-03-29,1990-03-30,2,1,1.0,-0.2462682269551056
1990-04-04,1990-04-19,12,1,1.0,-0.36127521735646073
1990-04-20,1990-05-07,12,-1,2.8333333333333335,-2.665085377816151
1990-05-09,1990-06-25,34,1,3.9705882352941178,0.29976070347185824
1990-06-27,1990-06-28,2,-1,1.0,-0.2710161710935805
1990-07-02,1990-07-23,16,1,2.125,-4.736031854957513
1990-07-25,1990-11-14,81,-1,3.2222222222222223,7.006158665206683
1990-11-21,1990-12-03,9,-1,1.0,-0.6562572830199358
1990-12-05,1990-12-31,19,1,1.368421052631579,-0.77379800349056
1991-01-03,1991-01-17,11,-1,3.8181818181818183,-6.22759813305676
1991-01-21,1991-05-15,83,1,3.7710843373493974,9.420613528484825
1991-05-22,1991-06-24,24,1,2.5833333333333335,-2.8560291258583983
1991-07-03,1991-08-19,34,1,2.6470588235294117,-2.9168006947311547
1991-08-22,1991-09-11,15,1,2.6666666666666665,-2.7081300117313774
1991-09-20,1991-10-04,11,1,1.1818181818181819,-1.4983207151894398
1991-10-07,1991-10-14,6,-1,1.8333333333333333,-1.7754320908199608
1991-10-16,1991-10-25,8,1,2.375,-2.2552975381257054
1991-10-29,1991-11-15,14,1,2.4285714285714284,-4.83036434109196
1991-11-20,1991-12-13,18,-1,1.4444444444444444,-0.5882195215971786
1991-12-23,1992-03-06,55,1,3.7636363636363637,0.18028554685655473
1992-03-18,1992-03-27,8,1,1.875,-1.386979861506794
1992-03-31,1992-04-10,9,-1,1.3333333333333333,-0.010086015156462957
1992-04-15,1992-06-10,41,1,2.048780487804878,-3.4574335529035185
1992-06-18,1992-06-29,8,-1,2.5,-1.54905977537001
1992-07-02,1992-08-24,38,1,2.3684210526315788,-4.237733895164137
1992-08-26,1992-08-28,3,-1,1.0,-0.12594088205882217
1992-09-03,1992-09-25,17,1,2.1176470588235294,-0.7029627087240644
1992-10-05,1992-10-19,11,-1,2.272727272727273,-1.1812744157343609
1992-10-21,1993-02-17,86,1,4.755813953488372,-0.49546903574107126
1993-02-19,1993-02-22,2,-1,1.0,-0.1408447168242025
1993-02-25,1993-04-06,29,1,3.793103448275862,1.375535014153053
1993-04-13,1993-04-22,8,1,2.375,-2.7694241223469565
1993-04-26,1993-05-03,6,-1,1.5,-1.0426933311819393
1993-05-05,1993-05-14,8,1,1.0,-0.4908962286121146
1993-05-20,1993-06-23,25,1,2.28,-2.057315160462633
1993-06-28,1993-07-06,7,1,1.5714285714285714,-1.5976693749995896
1993-07-07,1993-07-08,2,-1,1.0,-0.3467907327835826
1993-07-12,1993-11-05,85,1,4.129411764705883,-4.594948199759273
1993-11-11,1994-02-18,72,1,3.5,-4.457033974612077
1994-02-23,1994-02-24,2,1,1.0,-0.7557378615703608
1994-02-25,1994-03-09,9,-1,1.0,0.17848088691132843
1994-03-17,1994-03-24,6,1,1.0,-0.6457315196085068
1994-03-28,1994-05-19,39,-1,2.8205128205128207,-1.9939126572834998
1994-05-27,1994-06-20,17,1,1.1764705882352942,-0.6677266176353539
1994-06-22,1994-07-15,18,-1,2.5555555555555554,-0.6465446005809637
1994-08-01,1994-09-20,37,1,3.135135135135135,-2.0852058304401098
1994-09-23,1994-10-11,13,-1,1.6153846153846154,-3.214041053320789
1994-10-13,1994-10-24,8,1,1.625,-1.4929980551926718
1994-10-31,1994-11-04,5,1,1.6,-1.3730389902885112
1994-11-22,1994-12-16,19,-1,2.4210526315789473,-3.099361843491935
1994-12-28,1994-12-30,3,1,1.0,-0.2959920026896633
1995-01-16,1996-01-10,258,1,6.767441860465116,62.29443655761673
1996-01-17,1996-04-10,61,1,3.3278688524590163,3.7498627442534946
1996-04-17,1996-05-07,15,1,1.8666666666666667,-2.962473223076289
1996-05-10,1996-07-08,42,1,3.5952380952380953,-9.212370124653653
1996-07-12,1996-08-01,15,-1,1.8666666666666667,-2.785178235399059
1996-08-05,1996-08-30,20,1,1.75,-2.153671481403245
1996-09-03,1996-09-04,2,-1,1.0,-0.07682861937628681
1996-09-06,1996-09-06,1,-1,1.0,-0.0018525158537614718
1996-09-10,1997-03-27,143,1,3.5664335664335662,15.616314948738774
1997-04-01,1997-04-08,6,-1,1.0,-0.7070920421661957
1997-04-14,1997-04-16,3,-1,1.0,-2.1021815145384015
1997-04-24,1997-04-25,2,1,1.0,-0.7472468022510529
1997-04-30,1997-08-15,78,1,2.6923076923076925,25.043017040887403
1997-08-20,1997-08-28,7,1,1.0,-4.4780378537711325
1997-09-03,1997-10-27,39,1,1.7179487179487178,-14.06412684376942
1997-11-21,1997-12-19,21,1,1.0,-2.3040857593781867
1997-12-31,1998-01-08,7,1,1.0,-1.7940859103664546
1998-01-21,1998-01-26,4,1,1.0,-1.1841391516787143
1998-01-29,1998-06-03,90,1,2.6,18.816707704091026
1998-06-08,1998-06-15,6,1,1.0,-4.3439050558171015
1998-06-19,1998-07-28,28,1,1.8571428571428572,0.732150400901509
1998-08-05,1998-08-18,10,-1,1.0,-1.7664524946190796
1998-08-28,1998-09-14,12,-1,1.0,0.03617887101203543
1998-10-06,1998-10-15,8,-1,1.0,-6.975036395142481
1998-11-02,1998-12-14,31,1,1.1935483870967742,-0.4777261990078996
1998-12-18,1999-02-09,38,1,1.368421052631579,2.1131565509384878
1999-02-23,1999-02-26,4,1,1.0,-4.005933663329865
1999-03-08,1999-05-24,56,1,1.0714285714285714,-2.2334495749043386
1999-06-18,1999-06-25,6,1,1.0,-2.805108563709422
1999-06-30,1999-07-23,18,1,1.6666666666666667,-4.015001227628452
1999-08-05,1999-08-13,7,-1,1.0,-1.105047351725124
1999-08-24,1999-08-30,5,1,1.0,-4.404941761967629
1999-09-24,1999-10-04,7,-1,1.0,-3.0050344663758506
1999-10-18,1999-10-21,4,-1,1.0,-3.00510444463397
1999-11-02,2000-01-04,46,1,1.173913043478261,-2.811248147206136
2000-01-20,2000-01-21,2,1,1.0,-0.4051599400737438
2000-02-23,2000-02-29,5,-1,1.0,-0.7053881408189404
2000-03-22,2000-04-12,16,1,1.0,-4.10598917279382
2000-07-14,2000-07-21,6,1,1.0,-3.4066675978065053
2000-07-31,2000-08-03,4,-1,1.0,-2.206725163625573
2000-08-21,2000-09-06,13,1,1.0,-1.3066874296314217
2000-09-19,2000-10-23,25,-1,1.08,1.4809561732244907
2000-10-26,2000-10-30,3,-1,1.0,-4.2064994265849665
2000-11-13,2000-12-11,21,-1,1.0,-2.5093194903680813
2000-12-18,2000-12-27,8,-1,1.0,-0.4064391866916657
2001-01-03,2001-01-03,1,-1,1.0,-0.006057528456854643
2001-02-09,2001-04-18,49,-1,1.0204081632653061,9.780787619533868
2001-06-14,2001-11-06,104,-1,1.2019230769230769,19.667305222544112
2002-01-17,2002-02-13,20,-1,1.0,1.5454692984448974
2002-02-20,2002-02-27,6,-1,1.0,-1.054591281771167
2002-03-11,2002-03-14,4,1,1.0,-1.3546339464422594
2002-04-05,2002-04-17,9,-1,1.0,-0.2544227801882169
2002-04-24,2002-05-14,15,-1,1.0666666666666667,0.5614090485062335
2002-05-29,2002-08-14,56,-1,1.2857142857142858,19.161138700026072
2002-08-30,2002-10-15,33,-1,1.1515151515151516,6.598888388360699
2002-12-30,2003-01-02,4,-1,1.0,-3.005543024655428
2003-01-22,2003-03-17,39,-1,1.1282051282051282,-3.3780468548490603
2003-04-24,2003-05-20,19,1,1.0,0.9437497556399477
2003-05-28,2003-08-05,50,1,1.26,0.4623921935606776
2003-08-13,2003-09-25,32,1,1.34375,0.9056615712005056
2003-10-03,2004-03-11,115,1,1.9304347826086956,11.305291807111871
2004-03-31,2004-04-20,15,1,1.0,-1.052547495039279
2004-04-23,2004-04-29,5,1,1.0,-2.5525535005010336
2004-05-11,2004-05-21,9,-1,1.0,-0.029201180733003984
2004-05-28,2004-07-06,28,1,1.0,-0.5026212365582146
2004-07-20,2004-07-20,1,-1,1.0,-0.002561595571193302
2004-07-26,2004-07-29,4,-1,1.0,-1.727601086420621
2004-08-06,2004-08-18,9,-1,1.0,-3.1037638437204347
2004-09-03,2004-09-23,15,1,1.0,-0.7776697522077973
2004-10-04,2004-10-13,8,1,1.0,-2.3276717643200753
2004-10-29,2005-01-13,55,1,1.8181818181818181,3.610945487311365
2005-01-19,2005-01-20,2,1,1.0,-0.7024349720330638
2005-02-02,2005-03-16,31,1,1.2258064516129032,-2.6190994326961756
2005-03-24,2005-03-30,5,-1,1.0,-1.002479009090354
2005-04-18,2005-04-25,6,-1,1.0,-1.7274554895932137
2005-04-29,2005-05-02,2,-1,1.0,-0.5025556947442066
2005-05-20,2005-06-24,26,1,1.1153846153846154,-2.4826287945349437
2005-07-11,2005-08-17,28,1,1.5714285714285714,-0.6091338176856559
2005-09-07,2005-09-20,10,1,1.0,-1.427507207790223
2005-10-06,2005-10-24,13,-1,1.1538461538461537,-2.1825891455339397
2005-11-11,2005-12-30,36,1,1.25,-0.5389157458359728
2006-01-04,2006-01-20,13,1,2.230769230769231,-4.209729349789273
2006-01-30,2006-02-03,5,1,1.0,-2.302430093137791
2006-02-16,2006-03-09,16,1,1.0,-1.9775016393008196
2006-03-14,2006-04-11,21,1,1.380952380952381,-2.2324451864978183
2006-04-19,2006-05-12,18,1,1.0,-2.1025187425896155
2006-05-18,2006-05-26,7,-1,1.0,-1.977600265903489
2006-05-31,2006-06-01,2,-1,1.0,-1.3776712210820565
2006-06-08,2006-06-29,16,-1,1.0,-1.6527369312744822
2006-07-14,2006-07-24,7,-1,1.0,-2.527766309599623
2006-08-17,2007-02-27,139,1,1.9136690647482015,1.8000741479869937
2007-03-05,2007-03-08,4,-1,1.0,-3.252770684942869
2007-03-26,2007-03-28,3,1,1.0,-1.5778331098408256
2007-04-05,2007-06-07,46,1,1.826086956521739,0.0866043136518364
2007-06-15,2007-06-25,7,1,1.0,-3.428063325967943
2007-07-04,2007-07-24,15,1,1.0,-1.6532272558058456
2007-07-30,2007-08-07,7,-1,1.0,-0.17863845332531358
2007-08-15,2007-08-20,4,-1,1.0,-3.4566448270903485
2007-09-20,2007-10-19,22,1,1.0,-2.6045413587271877
2007-11-12,2007-11-14,3,-1,1.0,-3.7797895125195615
2007-11-20,2007-11-28,7,-1,1.0,-2.3548836827050863
2008-01-07,2008-01-31,19,-1,1.0,4.194548189593421
2008-02-07,2008-02-26,14,-1,1.0,-4.25805174779107
2008-03-03,2008-03-20,14,-1,1.0,0.9188497623540663
2008-06-12,2008-08-06,40,-1,1.125,2.9687197372053293
2008-09-05,2008-09-19,11,-1,1.0,-0.4060035110445037
2008-10-06,2008-10-20,11,-1,1.0,6.268074365272977
2008-10-24,2008-10-28,3,-1,1.0,-7.283572811763595
2008-11-13,2008-11-26,10,-1,1.0,2.138203109901918
2008-12-24,2008-12-31,6,-1,1.0,-3.509841663558781
2009-01-13,2009-03-18,47,-1,1.0,7.361439363817006
2009-03-23,2009-03-23,1,-1,1.0,-0.010153547653230384
2009-06-03,2009-06-15,9,1,1.0,-0.859709423047057
2009-07-09,2009-07-13,3,-1,1.0,-1.656994452181192
2009-07-21,2009-10-28,72,1,1.2916666666666667,7.986170815161928
2009-11-09,2010-01-22,55,1,1.290909090909091,-4.847520819481469
2010-02-19,2010-05-05,54,1,1.7962962962962963,11.582836863131828
2010-05-21,2010-05-27,5,-1,1.0,-1.6539916678675333
2010-06-30,2010-07-07,6,-1,1.0,-3.27942004253298
2010-08-25,2010-09-01,6,-1,1.0,-2.7294954972591974
2010-09-14,2011-03-15,131,1,1.6641221374045803,22.906041261787866
2011-03-25,2011-05-24,43,1,1.1395348837209303,-1.7373491436495065
2011-05-30,2011-06-01,3,1,1.0,-1.8531547796232377
2011-07-01,2011-07-13,9,1,1.0,-2.253443786454492
2011-07-22,2011-07-27,4,1,1.0,-4.203553918739802
2011-08-03,2011-08-15,9,-1,1.0,5.5963899027076245
2011-08-22,2011-08-24,3,-1,1.0,-4.880075296590383
2011-09-26,2011-09-26,1,-1,1.0,-0.00574416681671368
2011-10-04,2011-10-06,3,-1,1.0,-4.455923937287023
2011-10-31,2011-10-31,1,1,1.0,-0.0063133842451041765
2011-11-25,2011-11-28,2,-1,1.0,-3.756440651462117
2012-01-11,2012-04-10,65,1,1.5846153846153845,6.91450103574623
2012-04-13,2012-05-04,16,1,1.0,-0.25639693962210597
2012-05-18,2012-05-24,5,-1,1.0,-3.2551313750129696
2012-06-04,2012-06-06,3,-1,1.0,-4.305010775742571
2012-06-21,2012-06-21,1,1,1.0,-0.004857858047143277
2012-07-04,2012-07-10,5,1,1.0,-3.2547431648240392
2012-07-19,2012-07-23,3,1,1.0,-2.8793472660124877
2012-07-30,2012-10-23,62,1,1.1612903225806452,-2.3207744494467173
2012-11-15,2012-11-19,3,-1,1.0,-2.954094648417625
2012-12-03,2012-12-04,2,1,1.0,-0.2540731854739471
2012-12-10,2012-12-27,14,1,1.0,0.3459389103017589
2013-01-03,2013-04-18,76,1,1.618421052631579,11.546024704775718
2013-04-24,2013-06-20,42,1,1.4285714285714286,2.3099319103175056
2013-07-08,2013-08-19,31,1,1.7419354838709677,-1.0903324413368365
2013-08-26,2013-08-27,2,1,1.0,-2.6039293436538626
2013-09-06,2013-10-08,23,1,1.2608695652173914,-0.911400232734332
2013-10-14,2014-01-24,75,1,1.72,4.912009846587878
2014-02-12,2014-04-10,42,1,1.0,1.7171201134476257
2014-04-17,2014-08-06,80,1,1.8625,6.823983987886248
2014-08-14,2014-10-01,35,1,1.6571428571428573,-0.47407914137111895
2014-10-15,2014-10-20,4,-1,1.0,-4.204012228386456
2014-10-29,2014-12-12,33,1,1.393939393939394,-0.3152139817086672
2014-12-22,2015-01-05,11,1,1.0,-5.604333936840979
2015-01-27,2015-01-27,1,1,1.0,-0.00463488001963637
2015-02-11,2015-03-10,20,1,1.0,-2.2321385467321706
2015-03-19,2015-03-25,5,1,1.0,-2.8301395533359184
2015-04-13,2015-05-06,18,1,1.0,-1.1302535172732602
2015-05-15,2015-06-04,15,1,1.0,-2.657434661022429
2015-06-19,2015-06-29,7,1,1.0,-5.230097387802495
2015-07-17,2015-07-24,6,1,1.0,-4.629983551119699
2015-08-24,2015-08-28,5,-1,1.0,-7.3806599316579025
2015-09-07,2015-09-08,2,-1,1.0,-3.46836180440565
2015-09-29,2015-10-02,4,-1,1.0,-6.406044656410681
2015-10-26,2015-11-12,14,1,1.0,-1.3061053042464965
2015-11-26,2015-12-03,6,1,1.0,-4.36857034500477
2016-01-08,2016-01-29,16,-1,1.0,-1.756639435700598
2016-02-09,2016-02-16,6,-1,1.0,-4.308921131945873
2016-03-17,2016-05-04,35,1,1.0,1.642711474201164
2016-05-11,2016-05-13,3,1,1.0,-1.7064936332517526
2016-05-26,2016-06-14,14,1,1.0,-1.3563763204025678
2016-06-24,2016-06-24,1,1,1.0,-0.0063096961901512654
2016-07-12,2016-09-09,44,1,1.0,-2.158868751652709
2016-11-04,2016-11-07,2,-1,1.0,-4.854948031403637
2016-11-11,2017-08-17,200,1,1.6,32.55784134507195
2017-08-31,2018-02-05,113,1,2.0530973451327434,40.84076085633001
2018-06-06,2018-06-25,14,1,1.0,-1.7325948765321386
2018-07-10,2018-10-11,68,1,1.3088235294117647,-6.067265323451272
2018-10-29,2018-11-01,4,-1,1.0,-9.458178838081766
2018-12-20,2018-12-27,6,-1,1.0,2.3416998306676824
2019-02-18,2019-03-07,14,1,1.0,-1.2845199158809204
2019-03-15,2019-03-25,7,1,1.0,-3.5345907316396743
2019-04-01,2019-05-09,29,1,1.103448275862069,-4.978859551214496
2019-06-04,2019-06-05,2,-1,1.0,-7.8099855688218645
2019-06-21,2019-08-01,30,1,1.0,-0.3723518497117859
2019-10-30,2020-02-21,83,1,1.144578313253012,23.903849969385398
2020-08-07,2020-09-07,22,1,1.0,5.5555594845372696
2020-10-13,2020-10-20,6,1,1.0,-8.219222930670892
2020-11-12,2021-01-27,55,1,1.0,19.652450586774414
2021-02-08,2021-02-25,14,1,1.0,-8.270962515905147
2021-03-16,2021-03-18,3,1,1.0,-4.71180415671793
2021-03-30,2021-05-12,32,1,1.0,10.238153800337223
2021-05-25,2021-06-18,19,1,1.0,-3.736792671847251
2021-06-25,2021-07-19,17,1,1.0,-1.3611747280372661
2021-07-22,2021-09-17,42,1,1.0,4.633965981281509
2021-10-20,2021-11-30,30,1,1.0,6.035163683408521
2021-12-30,2022-01-05,5,1,1.0,-8.061617759321898
2023-06-13,2023-06-23,9,1,1.0,-2.9651707066119894
2023-06-30,2023-08-03,25,1,1.0,4.2108117411786266
2023-12-13,2024-01-03,16,1,1.0,-0.9857682417853946
2024-01-11,2024-01-17,5,1,1.0,-4.285715167072631
2024-01-22,2025-04-03,314,1,1.0,42.87299680126813
2025-07-04,2025-07-08,3,1,1.0,-5.243830571495869
2025-07-11,2025-07-15,3,1,1.0,-1.6189088239215395
2025-07-18,2025-08-01,11,1,1.0,-7.04394683627608
2025-08-15,2025-08-19,3,1,1.0,-3.9228940281133293
2025-09-12,2025-10-10,21,1,1.0,-4.994890661346528
