,return_pct
2015-01-09,-0.57983232
2015-01-12,0.0
2015-01-13,0.0
2015-01-14,0.0
2015-01-15,0.0
2015-01-16,-0.6449074400000001
2015-01-19,0.0
2015-01-20,0.0
2015-01-21,0.0
2015-01-22,0.0
2015-01-23,-0.09430648
2015-01-26,0.0
2015-01-27,0.0
2015-01-28,0.0
2015-01-29,0.0
2015-01-30,-0.0019690014000000003
2015-02-02,0.0
2015-02-03,0.0
2015-02-04,0.0
2015-02-05,0.0
2015-02-06,-0.071947552
2015-02-09,0.0
2015-02-10,0.0
2015-02-11,0.0
2015-02-12,0.0
2015-02-13,-0.22481894400000002
2015-02-16,0.0
2015-02-17,0.0
2015-02-18,0.0
2015-02-19,0.0
2015-02-20,-0.22606489600000002
2015-02-23,0.0
2015-02-24,0.0
2015-02-25,0.0
2015-02-26,0.0
2015-02-27,-0.0950679328
2015-03-02,0.0
2015-03-03,0.0
2015-03-04,0.0
2015-03-05,0.0
2015-03-06,-0.10275972159999999
2015-03-09,0.0
2015-03-10,0.0
2015-03-11,0.0
2015-03-12,0.0
2015-03-13,-0.07036772000000001
2015-03-16,0.0
2015-03-17,0.0
2015-03-18,0.0
2015-03-19,0.0
2015-03-20,0.0
2015-03-23,0.0
2015-03-24,0.0
2015-03-25,0.0
2015-03-26,0.0
2015-03-27,0.0
2015-03-30,0.0
2015-03-31,0.0
2015-04-01,0.0
2015-04-02,0.0
2015-04-03,-0.0510784448
2015-04-06,0.0
2015-04-07,0.0
2015-04-08,0.0
2015-04-09,0.0
2015-04-10,-0.064842022
2015-04-13,0.0
2015-04-14,0.0
2015-04-15,0.0
2015-04-16,0.0
2015-04-17,-0.126460672
2015-04-20,0.0
2015-04-21,0.0
2015-04-22,0.0
2015-04-23,0.0
2015-04-24,-0.1134169888
2015-04-27,0.0
2015-04-28,0.0
2015-04-29,0.0
2015-04-30,0.0
2015-05-01,-0.0040137408
2015-05-04,0.0
2015-05-05,0.0
2015-05-06,0.0
2015-05-07,0.0
2015-05-08,0.0
2015-05-11,0.0
2015-05-12,0.0
2015-05-13,0.0
2015-05-14,0.0
2015-05-15,5.871931296
2015-05-18,0.24
2015-05-19,0.0
2015-05-20,0.0
2015-05-21,0.0
2015-05-22,-0.4920169247999999
2015-05-25,0.0
2015-05-26,0.0
2015-05-27,0.0
2015-05-28,0.0
2015-05-29,0.0
2015-06-01,0.0
2015-06-02,0.0
2015-06-03,0.0
2015-06-04,0.0
2015-06-05,-0.003858504
2015-06-08,0.0
2015-06-09,0.0
2015-06-10,0.0
2015-06-11,0.0
2015-06-12,-0.0038702784
2015-06-15,0.0
2015-06-16,0.0
2015-06-17,0.0
2015-06-18,0.0
2015-06-19,-5.291221670400001
2015-06-22,3.1199999999999997
2015-06-23,-4.2
2015-06-24,5.16
2015-06-25,-1.5599999999999998
2015-06-26,-0.49122167040000003
2015-06-29,0.0
2015-06-30,0.0
2015-07-01,0.0
2015-07-02,0.0
2015-07-03,-0.0714343296
2015-07-06,2.4
2015-07-07,-0.8250000000000001
2015-07-08,0.44999999999999996
2015-07-09,1.05
2015-07-10,0.675
2015-07-13,2.4
2015-07-14,-4.05
2015-07-15,0.6
2015-07-16,-0.375
2015-07-17,2.00118
2015-07-20,1.343
2015-07-21,0.08499999999999999
2015-07-22,-4.0969999999999995
2015-07-23,-1.0710000000000002
2015-07-24,-0.05771478
2015-07-27,0.0
2015-07-28,0.0
2015-07-29,0.0
2015-07-30,0.0
2015-07-31,-0.22082865000000002
2015-08-03,0.0
2015-08-04,0.0
2015-08-05,0.0
2015-08-06,0.0
2015-08-07,-0.21618656
2015-08-10,0.0
2015-08-11,0.0
2015-08-12,0.0
2015-08-13,0.0
2015-08-14,-0.058461672000000006
2015-08-17,0.0
2015-08-18,0.0
2015-08-19,0.0
2015-08-20,0.0
2015-08-21,-0.065611008
2015-08-24,0.0
2015-08-25,0.0
2015-08-26,0.0
2015-08-27,0.0
2015-08-28,1.3087773440000015
2015-08-31,-1.2000000000000277
2015-09-01,-1.1999999999999744
2015-09-02,0.6000000000000406
2015-09-03,1.7999999999999616
2015-09-04,-1.1340000000000083
2015-09-07,0.6300000000000239
2015-09-08,-2.520000000000016
2015-09-09,2.0299999999999843
2015-09-10,-3.359999999999968
2015-09-11,-0.73089152
2015-09-14,0.0
2015-09-15,0.0
2015-09-16,0.0
2015-09-17,0.0
2015-09-18,-0.7672895700000001
2015-09-21,0.0
2015-09-22,0.0
2015-09-23,0.0
2015-09-24,0.0
2015-09-25,-0.8553875700000001
2015-09-28,0.0
2015-09-29,0.0
2015-09-30,0.0
2015-10-01,0.0
2015-10-02,2.281557759999982
2015-10-05,2.9600000000000364
2015-10-06,-0.7200000000000045
2015-10-07,4.15999999999999
2015-10-08,1.0400000000000091
2015-10-09,4.655999999999975
2015-10-12,1.7919999999999616
2015-10-13,-7.839999999999872
2015-10-14,6.047999999999911
2015-10-15,-0.8959999999999815
2015-10-16,3.212
2015-10-19,-0.6
2015-10-20,-3.2399999999999864
2015-10-21,4.020000000000027
2015-10-22,-1.2600000000000051
2015-10-23,-5.983199999999924
2015-10-26,3.9424000000000112
2015-10-27,-1.9712000000000216
2015-10-28,3.583999999999955
2015-10-29,-2.150399999999954
2015-10-30,-0.144926096
2015-11-02,0.0
2015-11-03,0.0
2015-11-04,0.0
2015-11-05,0.0
2015-11-06,0.65797112
2015-11-09,-3.7600000000000002
2015-11-10,-0.24
2015-11-11,0.192
2015-11-12,-1.984
2015-11-13,-0.6970368000000001
2015-11-16,0.0
2015-11-17,0.0
2015-11-18,0.0
2015-11-19,0.0
2015-11-20,-0.7283638079999999
2015-11-23,0.0
2015-11-24,0.0
2015-11-25,0.0
2015-11-26,0.0
2015-11-27,-0.09758255999999998
2015-11-30,0.0
2015-12-01,0.0
2015-12-02,0.0
2015-12-03,0.0
2015-12-04,-0.7297995039999999
2015-12-07,0.0
2015-12-08,0.0
2015-12-09,0.0
2015-12-10,0.0
2015-12-11,-2.14702048
2015-12-14,0.7250000000000001
2015-12-15,-0.43499999999999994
2015-12-16,-3.7699999999999996
2015-12-17,0.0
2015-12-18,-0.44591610000000004
2015-12-21,0.0
2015-12-22,0.0
2015-12-23,0.0
2015-12-24,0.0
2015-12-25,-0.05667016
2015-12-28,0.0
2015-12-29,0.0
2015-12-30,0.0
2015-12-31,0.0
2016-01-01,-0.05610054
2016-01-04,0.0
2016-01-05,0.0
2016-01-06,0.0
2016-01-07,0.0
2016-01-08,0.7637503000000309
2016-01-11,-2.856000000000031
2016-01-12,-1.9380000000000155
2016-01-13,1.3599999999999999
2016-01-14,-5.745999999999954
2016-01-15,1.5700799999999908
2016-01-18,0.2400000000000091
2016-01-19,-1.5200000000000045
2016-01-20,-6.800000000000001
2016-01-21,6.479999999999995
2016-01-22,-0.20512768
2016-01-25,0.0
2016-01-26,0.0
2016-01-27,0.0
2016-01-28,0.0
2016-01-29,0.0
2016-02-01,0.0
2016-02-02,0.0
2016-02-03,0.0
2016-02-04,0.0
2016-02-05,3.964433599999989
2016-02-08,4.152000000000044
2016-02-09,-0.12
2016-02-10,1.7039999999999782
2016-02-11,12.21600000000002
2016-02-12,-1.1265600000000218
2016-02-15,0.0
2016-02-16,-4.535999999999994
2016-02-17,0.9959999999999944
2016-02-18,3.192000000000016
2016-02-19,-0.04524192
2016-02-22,0.0
2016-02-23,0.0
2016-02-24,0.0
2016-02-25,0.0
2016-02-26,-3.875961184000031
2016-02-29,5.174399999999945
2016-03-01,1.0976000000000323
2016-03-02,3.1360000000000445
2016-03-03,1.88159999999996
2016-03-04,2.6216000000000057
2016-03-07,-2.9000000000000052
2016-03-08,4.400000000000006
2016-03-09,-3.299999999999983
2016-03-10,4.299999999999983
2016-03-11,1.1584000000000547
2016-03-14,0.3599999999999454
2016-03-15,0.6
2016-03-16,1.7999999999999998
2016-03-17,0.0
2016-03-18,3.77119999999998
2016-03-21,5.734400000000004
2016-03-22,4.121599999999944
2016-03-23,3.225599999999995
2016-03-24,-15.232000000000026
2016-03-25,-1.1845999999999999
2016-03-28,-1.875
2016-03-29,3.074999999999932
2016-03-30,8.174999999999983
2016-03-31,5.849999999999966
2016-04-01,-0.3000000000000682
2016-04-04,-4.349999999999967
2016-04-05,-1.7999999999999832
2016-04-06,3.0
2016-04-07,-1.950000000000017
2016-04-08,-1.1541446776388
2016-04-11,0.0
2016-04-12,0.0
2016-04-13,0.0
2016-04-14,0.0
2016-04-15,-0.10757800054548
2016-04-18,0.0
2016-04-19,4.025
2016-04-20,3.64
2016-04-21,1.3299999999999998
2016-04-22,-0.006999999999999999
2016-04-25,1.92
2016-04-26,2.04
2016-04-27,-0.3
2016-04-28,0.5700000000000001
2016-04-29,-0.006999999999999999
2016-05-02,1.4749999999999999
2016-05-03,-1.6
2016-05-04,0.75
2016-05-05,-2.4250000000000003
2016-05-06,-0.40724288024806404
2016-05-09,0.0
2016-05-10,0.0
2016-05-11,0.0
2016-05-12,0.0
2016-05-13,-0.397093083952384
2016-05-16,-0.04
2016-05-17,1.46
2016-05-18,-0.54
2016-05-19,-0.3
2016-05-20,0.0
2016-05-23,-1.52
2016-05-24,-0.18
2016-05-25,2.58
2016-05-26,-0.5599999999999999
2016-05-27,-0.06712655906684799
2016-05-30,0.0
2016-05-31,0.0
2016-06-01,0.0
2016-06-02,0.0
2016-06-03,3.2239916793822267
2016-06-06,8.460000000000015
2016-06-07,-0.9600000000000136
2016-06-08,-2.459999999999946
2016-06-09,3.419999999999959
2016-06-10,-0.9039999999999999
2016-06-13,-0.36
2016-06-14,-0.45999999999999996
2016-06-15,-0.96
2016-06-16,-1.7000000000000002
2016-06-17,-1.2183999999998762
2016-06-20,-0.9600000000000364
2016-06-21,-0.08000000000010914
2016-06-22,-5.439999999999964
2016-06-23,-1.1199999999998909
2016-06-24,2.0095999999999856
2016-06-27,-1.3799999999999728
2016-06-28,1.4399999999999864
2016-06-29,5.820000000000027
2016-06-30,3.3000000000000003
2016-07-01,-0.9039999999999999
2016-07-04,0.0
2016-07-05,-4.74
2016-07-06,-0.33999999999999997
2016-07-07,-4.26
2016-07-08,-0.60815309143232
2016-07-11,0.0
2016-07-12,0.0
2016-07-13,0.0
2016-07-14,0.0
2016-07-15,-1.0104681472792783
2016-07-18,2.5199999999998908
2016-07-19,-1.919999999999891
2016-07-20,0.23999999999991814
2016-07-21,-2.8200000000000274
2016-07-22,0.8407999999999999
2016-07-25,-0.12
2016-07-26,0.5
2016-07-27,3.66
2016-07-28,0.98
2016-07-29,-0.0009599999999999999
2016-08-01,1.1400000000000001
2016-08-02,-2.318
2016-08-03,1.0070000000000001
2016-08-04,1.197
2016-08-05,-0.89196
2016-08-08,-0.306
2016-08-09,0.882
2016-08-10,-0.756
2016-08-11,1.332
2016-08-12,0.43254000000000004
2016-08-15,1.258
2016-08-16,-1.564
2016-08-17,0.255
2016-08-18,0.255
2016-08-19,-3.6423200000000002
2016-08-22,-11.06
2016-08-23,4.4799999999999995
2016-08-24,-3.08
2016-08-25,1.96
2016-08-26,0.4380000000000307
2016-08-29,4.319999999999976
2016-08-30,-1.1400000000000032
2016-08-31,-5.459999999999996
2016-09-01,8.819999999999993
2016-09-02,-1.5810000000000342
2016-09-05,0.0
2016-09-06,-1.049999999999983
2016-09-07,0.14999999999994884
2016-09-08,-0.29999999999998295
2016-09-09,0.6930000000000283
2016-09-12,-4.725
2016-09-13,5.175
2016-09-14,-3.0150000000000334
2016-09-15,-0.0449999999999975
2016-09-16,1.481999999999951
2016-09-19,-0.8050000000000646
2016-09-20,1.8400000000000016
2016-09-21,-0.22999999999997497
2016-09-22,6.324999999999966
2016-09-23,-0.6379999999999975
2016-09-26,0.5400000000000205
2016-09-27,4.679999999999977
2016-09-28,-4.364999999999995
2016-09-29,-0.2699999999999719
2016-09-30,-0.703778363418592
2016-10-03,0.0
2016-10-04,0.0
2016-10-05,0.0
2016-10-06,0.0
2016-10-07,-1.184935868377728
2016-10-10,2.3120000000000003
2016-10-11,-4.522
2016-10-12,-0.901
2016-10-13,-1.1560000000000001
2016-10-14,0.37248000000000003
2016-10-17,1.485
2016-10-18,-2.16
2016-10-19,0.135
2016-10-20,1.35
2016-10-21,-0.18952335395820802
2016-10-24,0.0
2016-10-25,0.0
2016-10-26,0.0
2016-10-27,0.0
2016-10-28,-0.8546728191375373
2016-10-31,0.5399999999999688
2016-11-01,12.780000000000042
2016-11-02,1.2599999999999454
2016-11-03,-6.359999999999945
2016-11-04,0.5480000000000194
2016-11-07,3.359999999999985
2016-11-08,-3.0400000000000205
2016-11-09,-2.7199999999999136
2016-11-10,3.359999999999985
2016-11-11,-1.3560000000000545
2016-11-14,0.6599999999999454
2016-11-15,1.3800000000001091
2016-11-16,-0.7800000000001092
2016-11-17,-0.1799999999999727
2016-11-18,-0.2568
2016-11-21,1.9200000000000728
2016-11-22,2.4
2016-11-23,1.7599999999998543
2016-11-24,0.0
2016-11-25,0.48319999999999996
2016-11-28,-1.6799999999999273
2016-11-29,0.16000000000003636
2016-11-30,4.560000000000036
2016-12-01,0.0
2016-12-02,1.2600000000000997
2016-12-05,-4.200000000000016
2016-12-06,-1.1999999999999031
2016-12-07,0.19999999999996046
2016-12-08,0.6000000000000227
2016-12-09,-1.2199999999999271
2016-12-12,-1.1200000000000727
2016-12-13,-0.8799999999999272
2016-12-14,-5.360000000000036
2016-12-15,3.120000000000073
2016-12-16,2.6120000000000725
2016-12-19,0.7999999999999545
2016-12-20,-3.599999999999909
2016-12-21,1.7000000000000455
2016-12-22,-0.7000000000000455
2016-12-23,-2.5448000000000004
2016-12-26,0.0
2016-12-27,-0.9599999999999455
2016-12-28,4.3999999999999995
2016-12-29,1.2
2016-12-30,-0.11368086032880001
2017-01-02,0.0
2017-01-03,0.0
2017-01-04,0.0
2017-01-05,0.0
2017-01-06,-0.8406397899627
2017-01-09,0.0
2017-01-10,0.7799999999999999
2017-01-11,-1.755
2017-01-12,-6.045
2017-01-13,-1.3418999999999772
2017-01-16,-2.1000000000000023
2017-01-17,-6.090000000000028
2017-01-18,0.840000000000001
2017-01-19,-1.0499999999999776
2017-01-20,-1.3342999999999237
2017-01-23,0.6399999999999636
2017-01-24,-3.0399999999999636
2017-01-25,0.8
2017-01-26,-3.8399999999999634
2017-01-27,1.134
2017-01-30,-3.1199999999999997
2017-01-31,-0.52
2017-02-01,2.6
2017-02-02,-1.3599999999999999
2017-02-03,-0.26680469198150003
2017-02-06,0.0
2017-02-07,0.0
2017-02-08,0.0
2017-02-09,0.0
2017-02-10,-0.6586286911012003
2017-02-13,1.365
2017-02-14,2.9250000000000003
2017-02-15,0.585
2017-02-16,-4.29
2017-02-17,2.72256
2017-02-20,1.656
2017-02-21,0.672
2017-02-22,0.048
2017-02-23,-1.608
2017-02-24,-0.2236312113193
2017-02-27,0.0
2017-02-28,0.0
2017-03-01,0.0
2017-03-02,0.0
2017-03-03,-0.24807177872729994
2017-03-06,-1.1875
2017-03-07,-1.3775000000000002
2017-03-08,-0.8075000000000001
2017-03-09,0.2375
2017-03-10,-0.0564661988734
2017-03-13,0.0
2017-03-14,0.0
2017-03-15,0.0
2017-03-16,0.0
2017-03-17,0.0
2017-03-20,0.0
2017-03-21,0.0
2017-03-22,0.0
2017-03-23,0.0
2017-03-24,0.0
2017-03-27,0.0
2017-03-28,0.0
2017-03-29,0.0
2017-03-30,0.0
2017-03-31,-0.005342451334
2017-04-03,0.0
2017-04-04,0.0
2017-04-05,0.0
2017-04-06,0.0
2017-04-07,0.0
2017-04-10,0.0
2017-04-11,0.0
2017-04-12,0.0
2017-04-13,0.0
2017-04-14,-0.27481536328775
2017-04-17,0.0
2017-04-18,0.0
2017-04-19,0.0
2017-04-20,0.0
2017-04-21,-0.2807395100597
2017-04-24,0.0
2017-04-25,0.0
2017-04-26,0.0
2017-04-27,0.0
2017-04-28,-0.010864251851999998
2017-05-01,0.0
2017-05-02,0.0
2017-05-03,0.0
2017-05-04,0.0
2017-05-05,-0.066108810305622
2017-05-08,0.0
2017-05-09,0.0
2017-05-10,0.0
2017-05-11,0.0
2017-05-12,-0.06540705175386201
2017-05-15,0.0
2017-05-16,0.0
2017-05-17,0.0
2017-05-18,0.0
2017-05-19,-0.13980884225347398
2017-05-22,0.0
2017-05-23,0.0
2017-05-24,0.0
2017-05-25,0.0
2017-05-26,0.004715516396016028
2017-05-29,0.297
2017-05-30,-0.207
2017-05-31,0.864
2017-06-01,1.224
2017-06-02,-0.0019199999999999998
2017-06-05,-0.12
2017-06-06,-1.34
2017-06-07,1.18
2017-06-08,0.64
2017-06-09,-0.10375713057489602
2017-06-12,0.0
2017-06-13,0.0
2017-06-14,0.0
2017-06-15,0.0
2017-06-16,4.798929395008169
2017-06-19,-1.82
2017-06-20,6.02
2017-06-21,-1.96
2017-06-22,-5.6000000000000005
2017-06-23,-0.1826783361315776
2017-06-26,0.0
2017-06-27,0.0
2017-06-28,0.0
2017-06-29,0.0
2017-06-30,6.478287781119358
2017-07-03,19.2
2017-07-04,0.0
2017-07-05,11.25
2017-07-06,-7.95
2017-07-07,-0.12569535693526082
2017-07-10,0.0
2017-07-11,0.0
2017-07-12,0.0
2017-07-13,0.0
2017-07-14,0.0
2017-07-17,0.0
2017-07-18,0.0
2017-07-19,0.0
2017-07-20,0.0
2017-07-21,1.9499691662192256
2017-07-24,2.159999999999945
2017-07-25,-1.0799999999999725
2017-07-26,2.4
2017-07-27,-2.5200000000000276
2017-07-28,-0.7181483244903599
2017-07-31,0.0
2017-08-01,0.0
2017-08-02,0.0
2017-08-03,0.0
2017-08-04,-1.0136845493313191
2017-08-07,1.2299999999999045
2017-08-08,0.9600000000000818
2017-08-09,1.35
2017-08-10,1.9799999999999727
2017-08-11,-0.11796421852108799
2017-08-14,0.0
2017-08-15,0.0
2017-08-16,0.0
2017-08-17,0.0
2017-08-18,-1.193376486435104
2017-08-21,2.2120000000000255
2017-08-22,-2.0720000000000254
2017-08-23,1.68
2017-08-24,-1.4000000000000001
2017-08-25,-0.27838719917790006
2017-08-28,0.0
2017-08-29,0.0
2017-08-30,0.0
2017-08-31,0.0
2017-09-01,0.0
2017-09-04,0.0
2017-09-05,0.0
2017-09-06,0.0
2017-09-07,0.0
2017-09-08,1.2613751560457864
2017-09-11,4.960000000000036
2017-09-12,1.3599999999999455
2017-09-13,-2.159999999999945
2017-09-14,0.8
2017-09-15,-2.2400000000000544
2017-09-18,-0.15999999999994544
2017-09-19,-4.960000000000036
2017-09-20,0.5600000000000364
2017-09-21,-3.5200000000000733
2017-09-22,-0.2656109252571936
2017-09-25,0.0
2017-09-26,0.0
2017-09-27,0.0
2017-09-28,0.0
2017-09-29,0.0
2017-10-02,0.0
2017-10-03,0.0
2017-10-04,0.0
2017-10-05,0.0
2017-10-06,-1.9305378001928768
2017-10-09,-1.875
2017-10-10,2.549999999999983
2017-10-11,-1.125
2017-10-12,-3.6749999999999825
2017-10-13,-0.20993611782789598
2017-10-16,0.0
2017-10-17,0.0
2017-10-18,0.0
2017-10-19,0.0
2017-10-20,0.0
2017-10-23,0.0
2017-10-24,0.0
2017-10-25,0.0
2017-10-26,0.0
2017-10-27,0.0
2017-10-30,0.0
2017-10-31,0.0
2017-11-01,0.0
2017-11-02,0.0
2017-11-03,0.0
2017-11-06,0.0
2017-11-07,0.0
2017-11-08,0.0
2017-11-09,0.0
2017-11-10,-0.004233737736940752
2017-11-13,0.0
2017-11-14,0.0
2017-11-15,0.0
2017-11-16,0.0
2017-11-17,-2.1922163780403037
2017-11-20,0.255
2017-11-21,4.301
2017-11-22,0.5950000000000001
2017-11-23,-0.21250000000000002
2017-11-24,1.10604
2017-11-27,-0.126
2017-11-28,0.5579999999999999
2017-11-29,0.0
2017-11-30,-4.806
2017-12-01,-0.041445748208758404
2017-12-04,0.0
2017-12-05,0.0
2017-12-06,0.0
2017-12-07,0.0
2017-12-08,-0.2712498734881272
2017-12-11,0.0
2017-12-12,0.0
2017-12-13,0.0
2017-12-14,0.0
2017-12-15,-0.268627173453072
2017-12-18,0.0
2017-12-19,0.0
2017-12-20,0.0
2017-12-21,0.0
2017-12-22,0.0
2017-12-25,0.0
2017-12-26,0.0
2017-12-27,0.0
2017-12-28,0.0
2017-12-29,1.97873754128821
2018-01-01,0.0
2018-01-02,2.6999999999999886
2018-01-03,1.0999999999999375
2018-01-04,-1.399999999999977
2018-01-05,2.400000000000091
2018-01-08,0.6999999999998181
2018-01-09,-1.2999999999999545
2018-01-10,-3.899999999999863
2018-01-11,8.0
2018-01-12,-0.321564504504192
2018-01-15,0.0
2018-01-16,0.0
2018-01-17,0.0
2018-01-18,0.0
2018-01-19,0.0183834427595018
2018-01-22,6.480000000000017
2018-01-23,2.5600000000000365
2018-01-24,-4.080000000000019
2018-01-25,-1.4400000000000546
2018-01-26,5.00000000000015
2018-01-29,-1.3200000000001637
2018-01-30,-10.559999999999945
2018-01-31,-8.580000000000041
2018-02-01,-0.36000000000001364
2018-02-02,2.9139999999999997
2018-02-05,-0.7000000000000001
2018-02-06,-0.7000000000000001
2018-02-07,-6.859999999999999
2018-02-08,5.319999999999999
2018-02-09,-4.707600000000001
2018-02-12,6.660000000000001
2018-02-13,1.44
2018-02-14,-2.7
2018-02-15,0.54
2018-02-16,-3.6696
2018-02-19,0.0
2018-02-20,3.7199999999999998
2018-02-21,0.36
2018-02-22,-0.48
2018-02-23,0.11759999999996365
2018-02-26,-2.3200000000000727
2018-02-27,-1.4399999999999638
2018-02-28,-3.760000000000036
2018-03-01,-2.2399999999999634
2018-03-02,-0.5843967999999999
2018-03-05,0.0
2018-03-06,0.0
2018-03-07,0.0
2018-03-08,0.0
2018-03-09,-0.08864
2018-03-12,0.0
2018-03-13,0.0
2018-03-14,0.0
2018-03-15,0.0
2018-03-16,-0.498978987449648
2018-03-19,0.0
2018-03-20,0.0
2018-03-21,0.0
2018-03-22,0.0
2018-03-23,-0.30967173199654796
2018-03-26,0.0
2018-03-27,0.0
2018-03-28,0.0
2018-03-29,0.0
2018-03-30,-0.32979693000000004
2018-04-02,0.0
2018-04-03,0.0
2018-04-04,0.0
2018-04-05,0.0
2018-04-06,3.025262879999923
2018-04-09,2.639999999999816
2018-04-10,0.47999999999994686
2018-04-11,-2.8799999999997894
2018-04-12,-0.23999999999997362
2018-04-13,-0.7745115499999999
2018-04-16,0.0
2018-04-17,0.0
2018-04-18,0.0
2018-04-19,0.0
2018-04-20,-0.05321938
2018-04-23,0.0
2018-04-24,0.0
2018-04-25,0.0
2018-04-26,0.0
2018-04-27,1.740785220000034
2018-04-30,2.099999999999966
2018-05-01,3.9000000000000346
2018-05-02,4.199999999999932
2018-05-03,-2.174999999999983
2018-05-04,6.450000000000017
2018-05-07,3.299999999999983
2018-05-08,-6.375
2018-05-09,9.825000000000017
2018-05-10,1.5
2018-05-11,-1.3050000000000002
2018-05-14,-0.23999999999998636
2018-05-15,-3.9600000000000133
2018-05-16,1.7400000000000546
2018-05-17,-2.2200000000000273
2018-05-18,-0.5171353799999999
2018-05-21,0.0
2018-05-22,0.0
2018-05-23,0.0
2018-05-24,0.0
2018-05-25,-0.54216095
2018-05-28,0.0
2018-05-29,0.0
2018-05-30,0.0
2018-05-31,0.0
2018-06-01,-5.581427950000032
2018-06-04,-12.499199999999984
2018-06-05,3.024000000000007
2018-06-06,2.8224000000000116
2018-06-07,-8.467200000000034
2018-06-08,1.8796799999999998
2018-06-11,0.8880000000000001
2018-06-12,3.816
2018-06-13,-0.42
2018-06-14,3.3360000000000003
2018-06-15,-0.1200944
2018-06-18,0.0
2018-06-19,0.0
2018-06-20,0.0
2018-06-21,0.0
2018-06-22,-0.3585400980000001
2018-06-25,0.0
2018-06-26,0.0
2018-06-27,0.0
2018-06-28,0.0
2018-06-29,-0.32956776
2018-07-02,0.0
2018-07-03,0.0
2018-07-04,0.0
2018-07-05,0.0
2018-07-06,1.3363444799999726
2018-07-09,0.7200000000000273
2018-07-10,-4.380000000000041
2018-07-11,1.380000000000041
2018-07-12,0.7799999999999727
2018-07-13,-0.6359999999999727
2018-07-16,-3.3000000000000003
2018-07-17,2.8200000000000274
2018-07-18,0.3
2018-07-19,-2.9400000000000546
2018-07-20,-0.245678
2018-07-23,0.0
2018-07-24,0.0
2018-07-25,0.0
2018-07-26,0.0
2018-07-27,-1.4455349999999998
2018-07-30,-4.0799999999999725
2018-07-31,9.960000000000015
2018-08-01,-6.3600000000000145
2018-08-02,-0.6600000000000136
2018-08-03,3.628
2018-08-06,1.7999999999999998
2018-08-07,7.8
2018-08-08,-2.8000000000000003
2018-08-09,3.5999999999999996
2018-08-10,-1.6320000000001273
2018-08-13,-0.6399999999998727
2018-08-14,3.2800000000000185
2018-08-15,-5.360000000000036
2018-08-16,1.919999999999891
2018-08-17,1.5199999999999727
2018-08-20,1.9200000000000272
2018-08-21,0.1200000000000273
2018-08-22,0.5399999999999863
2018-08-23,-0.8399999999999864
2018-08-24,0.9480000000000001
2018-08-27,-1.04
2018-08-28,-2.32
2018-08-29,2.96
2018-08-30,-6.0
2018-08-31,0.8879999999999636
2018-09-03,0.0
2018-09-04,-5.679999999999746
2018-09-05,1.919999999999891
2018-09-06,0.0
2018-09-07,2.2991999999999724
2018-09-10,-2.7
2018-09-11,-3.8399999999999186
2018-09-12,3.659999999999945
2018-09-13,1.1400000000000545
2018-09-14,-9.0904
2018-09-17,-4.4799999999999995
2018-09-18,-2.150399999999986
2018-09-19,3.046399999999999
2018-09-20,-0.5375999999999885
2018-09-21,0.3903999999999454
2018-09-24,1.080000000000109
2018-09-25,-1.7400000000000546
2018-09-26,1.0199999999998908
2018-09-27,2.7600000000003546
2018-09-28,-0.20392291894791928
2018-10-01,0.0
2018-10-02,0.0
2018-10-03,0.0
2018-10-04,0.0
2018-10-05,3.347284443018091
2018-10-08,4.860800000000036
2018-10-09,1.0976000000000046
2018-10-10,-2.665599999999999
2018-10-11,1.5679999999999943
2018-10-12,-0.07840000000000918
2018-10-15,6.1600000000000135
2018-10-16,-4.080000000000019
2018-10-17,8.64000000000001
2018-10-18,0.7200000000000045
2018-10-19,2.7968000000000623
2018-10-22,-0.7167999999999847
2018-10-23,-0.7167999999999847
2018-10-24,2.3295999999999184
2018-10-25,-1.97119999999999
2018-10-26,-0.15373875
2018-10-29,0.0
2018-10-30,0.0
2018-10-31,0.0
2018-11-01,0.0
2018-11-02,2.5671774999999997
2018-11-05,-0.6
2018-11-06,1.3
2018-11-07,0.2
2018-11-08,-2.0
2018-11-09,0.06839999999999964
2018-11-12,2.255
2018-11-13,-11.88
2018-11-14,-1.375
2018-11-15,1.0999999999999999
2018-11-16,-0.06709390000000001
2018-11-19,0.0
2018-11-20,0.0
2018-11-21,0.0
2018-11-22,0.0
2018-11-23,-0.18723299999999998
2018-11-26,0.0
2018-11-27,-1.55
2018-11-28,-3.1
2018-11-29,0.9300000000000354
2018-11-30,-0.23435009399999998
2018-12-03,0.0
2018-12-04,0.0
2018-12-05,0.0
2018-12-06,0.0
2018-12-07,-0.13698319
2018-12-10,0.0
2018-12-11,0.0
2018-12-12,0.0
2018-12-13,0.0
2018-12-14,-1.1403400000000001
2018-12-17,0.2
2018-12-18,7.000000000000001
2018-12-19,1.3
2018-12-20,-4.6
2018-12-21,-0.486
2018-12-24,0.0
2018-12-25,0.0
2018-12-26,-2.0
2018-12-27,1.3999999999999773
2018-12-28,-0.0048000000000000004
2018-12-31,0.0
2019-01-01,-2.4320000000000292
2019-01-02,2.24200000000004
2019-01-03,0.45599999999996327
2019-01-04,0.14413671600001293
2019-01-07,0.0
2019-01-08,0.0
2019-01-09,0.0
2019-01-10,0.0
2019-01-11,-0.351254342
2019-01-14,0.0
2019-01-15,0.0
2019-01-16,0.0
2019-01-17,0.0
2019-01-18,5.99682535
2019-01-21,-0.66
2019-01-22,-3.08
2019-01-23,-2.86
2019-01-24,-0.33
2019-01-25,-0.19286583999999998
2019-01-28,0.0
2019-01-29,0.0
2019-01-30,0.0
2019-01-31,0.0
2019-02-01,-0.7091480649999999
2019-02-04,0.0
2019-02-05,0.0
2019-02-06,0.0
2019-02-07,0.0
2019-02-08,-0.9073090170000001
2019-02-11,0.0
2019-02-12,0.0
2019-02-13,0.0
2019-02-14,0.0
2019-02-15,-0.433041582
2019-02-18,0.0
2019-02-19,0.0
2019-02-20,0.0
2019-02-21,0.0
2019-02-22,-0.41249059999999993
2019-02-25,0.0
2019-02-26,0.0
2019-02-27,0.0
2019-02-28,0.0
2019-03-01,-0.4469661485
2019-03-04,0.0
2019-03-05,0.0
2019-03-06,0.0
2019-03-07,0.0
2019-03-08,-0.16527714700000004
2019-03-11,0.0
2019-03-12,0.0
2019-03-13,0.0
2019-03-14,0.0
2019-03-15,-0.10014687000001095
2019-03-18,2.5320000000000165
2019-03-19,-1.4399999999998498
2019-03-20,7.847999999999889
2019-03-21,10.8
2019-03-22,-3.4288000000000025
2019-03-25,0.5600000000000007
2019-03-26,1.9599999999999704
2019-03-27,-0.8399999999999698
2019-03-28,-0.8400000000000315
2019-03-29,-1.1716768000000002
2019-04-01,0.0
2019-04-02,0.0
2019-04-03,0.0
2019-04-04,0.0
2019-04-05,-0.0834368
2019-04-08,0.0
2019-04-09,0.0
2019-04-10,0.0
2019-04-11,0.0
2019-04-12,-0.76953324
2019-04-15,0.0
2019-04-16,0.0
2019-04-17,0.0
2019-04-18,0.0
2019-04-19,-0.16399583999999998
2019-04-22,0.0
2019-04-23,0.0
2019-04-24,0.0
2019-04-25,0.0
2019-04-26,0.15178176000002724
2019-04-29,-2.1599999999999753
2019-04-30,-2.8800000000000026
2019-05-01,0.960000000000001
2019-05-02,2.640000000000029
2019-05-03,6.2320000000000055
2019-05-06,1.9199999999997885
2019-05-07,-1.5999999999998238
2019-05-08,-4.480000000000216
2019-05-09,-0.31999999999996476
2019-05-10,-1.334865
2019-05-13,0.0
2019-05-14,0.0
2019-05-15,0.0
2019-05-16,0.0
2019-05-17,-0.76633144
2019-05-20,0.0
2019-05-21,0.0
2019-05-22,0.0
2019-05-23,0.0
2019-05-24,-0.15930672000000004
2019-05-27,0.0
2019-05-28,0.0
2019-05-29,0.0
2019-05-30,0.0
2019-05-31,-1.8265280000000002
2019-06-03,1.95
2019-06-04,0.975
2019-06-05,-3.0
2019-06-06,-3.675
2019-06-07,-0.11468000000000002
2019-06-10,0.0
2019-06-11,0.0
2019-06-12,0.0
2019-06-13,0.0
2019-06-14,-0.3029600000000819
2019-06-17,-2.639999999999918
2019-06-18,2.2799999999999727
2019-06-19,-1.5599999999999454
2019-06-20,4.679999999999972
2019-06-21,-0.5399999999999863
2019-06-24,-2.6400000000000543
2019-06-25,-5.639999999999986
2019-06-26,-7.8
2019-06-27,5.039999999999986
2019-06-28,1.8599999999999455
2019-07-01,1.6799999999999728
2019-07-02,-0.23999999999991814
2019-07-03,1.8599999999999455
2019-07-04,0.0
2019-07-05,-0.23388479999999998
2019-07-08,0.0
2019-07-09,0.0
2019-07-10,0.0
2019-07-11,0.0
2019-07-12,0.07389920000003411
2019-07-15,-1.2000000000000455
2019-07-16,-4.0
2019-07-17,0.8000000000000113
2019-07-18,-3.599999999999966
2019-07-19,-0.56960744
2019-07-22,0.0
2019-07-23,0.0
2019-07-24,0.0
2019-07-25,0.0
2019-07-26,-0.58439004
2019-07-29,0.0
2019-07-30,0.0
2019-07-31,0.0
2019-08-01,0.0
2019-08-02,-0.33745400000000003
2019-08-05,0.0
2019-08-06,0.0
2019-08-07,0.0
2019-08-08,0.0
2019-08-09,-0.5481479999999774
2019-08-12,-0.10000000000002272
2019-08-13,-0.7999999999999545
2019-08-14,-5.8000000000000105
2019-08-15,3.8999999999999773
2019-08-16,-0.1419202
2019-08-19,0.0
2019-08-20,0.0
2019-08-21,0.0
2019-08-22,0.0
2019-08-23,-5.082124319999959
2019-08-26,2.0399999999999863
2019-08-27,-1.3200000000000272
2019-08-28,0.1200000000000273
2019-08-29,3.8399999999999865
2019-08-30,-0.18078999999999998
2019-09-02,0.0
2019-09-03,0.0
2019-09-04,0.0
2019-09-05,0.0
2019-09-06,-0.34143960000000007
2019-09-09,0.0
2019-09-10,0.0
2019-09-11,0.0
2019-09-12,0.0
2019-09-13,-1.70504559999989
2019-09-16,7.3999999999998956
2019-09-17,-11.399999999999897
2019-09-18,-2.200000000000024
2019-09-19,2.2000000000000246
2019-09-20,-0.084
2019-09-23,-1.6
2019-09-24,-2.7199999999999998
2019-09-25,4.32
2019-09-26,4.0
2019-09-27,-1.3318463999999999
2019-09-30,0.0
2019-10-01,0.0
2019-10-02,0.0
2019-10-03,0.0
2019-10-04,-6.576380799999999
2019-10-07,-5.88
2019-10-08,2.94
2019-10-09,-5.88
2019-10-10,6.859999999999999
2019-10-11,0.7788000000000546
2019-10-14,6.239999999999918
2019-10-15,0.0
2019-10-16,3.0
2019-10-17,0.9600000000000818
2019-10-18,-0.41919999999997704
2019-10-21,1.0
2019-10-22,-0.7000000000000455
2019-10-23,6.700000000000045
2019-10-24,-1.7999999999999545
2019-10-25,0.8839999999999346
2019-10-28,1.8000000000000687
2019-10-29,6.199999999999938
2019-10-30,9.200000000000054
2019-10-31,2.999999999999936
2019-11-01,1.3560000000000545
2019-11-04,-0.15999999999991132
2019-11-05,0.959999999999894
2019-11-06,28.960000000000008
2019-11-07,-33.27999999999988
2019-11-08,-0.6233
2019-11-11,0.0
2019-11-12,0.0
2019-11-13,0.0
2019-11-14,0.0
2019-11-15,1.7654462
2019-11-18,-1.68
2019-11-19,-2.2800000000000002
2019-11-20,-3.1199999999999997
2019-11-21,1.2
2019-11-22,-0.5879999999999249
2019-11-25,0.4799999999999898
2019-11-26,5.999999999999999
2019-11-27,1.9199999999998738
2019-11-28,0.0
2019-11-29,0.72
2019-12-02,-4.3799999999998365
2019-12-03,-1.3800000000002457
2019-12-04,5.220000000000163
2019-12-05,-0.3
2019-12-06,-0.20206764653147158
2019-12-09,0.552702484858254
2019-12-10,-0.045988852302201504
2019-12-11,-0.8750961454317604
2019-12-12,0.0457429338602915
2019-12-13,-3.314756608252985
2019-12-16,-5.017600000000004
2019-12-17,-0.94079999999998
2019-12-18,4.390400000000018
2019-12-19,4.390399999999962
2019-12-20,0.44320000000010923
2019-12-23,1.6799999999996997
2019-12-24,-0.2399999999996453
2019-12-25,0.0
2019-12-26,-0.8999999999999999
2019-12-27,0.3299999999998908
2019-12-30,-3.719999999999891
2019-12-31,2.160000000000082
2020-01-01,0.0
2020-01-02,9.659999999999808
2020-01-03,0.00396432000012328
2020-01-06,-7.3662600000000005
2020-01-07,3.7532124000002427
2020-01-08,4.818074399999878
2020-01-09,3.731464799999636
2020-01-10,-0.90512
2020-01-13,0.0
2020-01-14,0.0
2020-01-15,0.0
2020-01-16,0.0
2020-01-17,-1.0029628499999999
2020-01-20,0.0
2020-01-21,0.0
2020-01-22,0.0
2020-01-23,0.0
2020-01-24,-0.06411465
2020-01-27,0.0
2020-01-28,0.0
2020-01-29,0.0
2020-01-30,0.0
2020-01-31,3.877510275000379
2020-02-03,-0.11092049999989911
2020-02-04,-5.640595999999899
2020-02-05,-5.853479000000326
2020-02-06,1.8695345000001746
2020-02-07,-0.46129019999999993
2020-02-10,0.0
2020-02-11,0.0
2020-02-12,0.0
2020-02-13,0.0
2020-02-14,-5.977282459999968
2020-02-17,0.0
2020-02-18,8.120000000000015
2020-02-19,-7.000000000000001
2020-02-20,4.759999999999969
2020-02-21,-4.531009999999793
2020-02-24,5.469962399999466
2020-02-25,2.083795200000326
2020-02-26,-3.0033630000002374
2020-02-27,3.264749999999999
2020-02-28,-5.057721479999996
2020-03-02,2.0508639000000044
2020-03-03,7.5931152000000095
2020-03-04,-2.770928800000015
2020-03-05,17.950264800000006
2020-03-06,9.299263260000002
2020-03-09,29.42260199999994
2020-03-10,-6.797617200000042
2020-03-11,18.6134025
2020-03-12,42.395670899999914
2020-03-13,3.7817433719999856
2020-03-16,29.689278300000016
2020-03-17,-5.9076660500000076
2020-03-18,22.86473805000001
2020-03-19,-1.32058795000001
2020-03-20,0.17484784999999986
2020-03-23,-6.327414399999999
2020-03-24,-4.931204599999999
2020-03-25,3.1501105999999988
2020-03-26,-2.611848
2020-03-27,-10.694253932000212
2020-03-30,-11.501036399999897
2020-03-31,-2.518202999999876
2020-04-01,-0.46381620000005075
2020-04-02,3.4862021999997266
2020-04-03,-0.1850385150000002
2020-04-06,3.1199999999999974
2020-04-07,-0.23999999999999455
2020-04-08,-4.920000000000002
2020-04-09,-0.9000000000000122
2020-04-10,-0.18247043200000002
2020-04-13,0.0
2020-04-14,-3.0307421999999997
2020-04-15,-15.6368728
2020-04-16,0.8728920000000001
2020-04-17,-0.049995744000000064
2020-04-20,0.41200000000000003
2020-04-21,-1.96
2020-04-22,-2.52
2020-04-23,2.088
2020-04-24,15.894579928999914
2020-04-27,5.519494200000056
2020-04-28,0.7147536000000884
2020-04-29,-0.1942614000000081
2020-04-30,-1.8270000000000075
2020-05-01,-0.10377612
2020-05-04,0.5235336000000199
2020-05-05,1.0470672000000398
2020-05-06,-11.013338400000336
2020-05-07,7.253702400000275
2020-05-08,-5.516403263999975
2020-05-11,-4.679999999999989
2020-05-12,-0.09000000000002047
2020-05-13,4.409999999999985
2020-05-14,3.059999999999973
2020-05-15,7.355999999999932
2020-05-18,4.575000000000017
2020-05-19,0.0
2020-05-20,-1.724999999999966
2020-05-21,2.4000000000000346
2020-05-22,2.775000000000034
2020-05-25,0.0
2020-05-26,2.625
2020-05-27,0.8999999999999487
2020-05-28,-3.224999999999966
2020-05-29,-1.382490195
2020-06-01,0.0
2020-06-02,0.0
2020-06-03,0.0
2020-06-04,0.0
2020-06-05,5.807516875000012
2020-06-08,-4.3000000000000105
2020-06-09,3.0
2020-06-10,5.300000000000011
2020-06-11,-6.599999999999966
2020-06-12,-0.9776000000000272
2020-06-15,-1.3199999999999936
2020-06-16,0.3600000000000307
2020-06-17,0.11999999999997611
2020-06-18,0.23999999999998636
2020-06-19,-0.13828104000000002
2020-06-22,0.0
2020-06-23,0.0
2020-06-24,0.0
2020-06-25,0.0
2020-06-26,0.0
2020-06-29,0.0
2020-06-30,0.0
2020-07-01,0.0
2020-07-02,0.0
2020-07-03,-0.374277015
2020-07-06,0.0
2020-07-07,0.0
2020-07-08,0.0
2020-07-09,0.0
2020-07-10,4.4434586849999995
2020-07-13,-6.79
2020-07-14,1.176
2020-07-15,1.302
2020-07-16,-4.361000000000001
2020-07-17,1.1164800000000001
2020-07-20,-0.4
2020-07-21,-1.4399999999999638
2020-07-22,-0.8
2020-07-23,-3.440000000000055
2020-07-24,-0.135297012
2020-07-27,0.0
2020-07-28,0.0
2020-07-29,0.0
2020-07-30,0.0
2020-07-31,-0.014921109
2020-08-03,0.0
2020-08-04,0.0
2020-08-05,0.0
2020-08-06,0.0
2020-08-07,2.4591771049999998
2020-08-10,-7.84
2020-08-11,-3.92
2020-08-12,2.1
2020-08-13,4.34
2020-08-14,-1.0228
2020-08-17,-0.8800000000001091
2020-08-18,1.5200000000000726
2020-08-19,1.6799999999999273
2020-08-20,-3.439999999999964
2020-08-21,2.32656
2020-08-24,2.6100000000000003
2020-08-25,3.681
2020-08-26,8.946
2020-08-27,-1.377
2020-08-28,2.60136
2020-08-31,-1.7500000000000002
2020-09-01,-0.25
2020-09-02,0.25
2020-09-03,-4.5
2020-09-04,-0.257147654
2020-09-07,0.0
2020-09-08,0.0
2020-09-09,0.0
2020-09-10,0.0
2020-09-11,2.152385302
2020-09-14,-0.61
2020-09-15,-3.3550000000000004
2020-09-16,6.710000000000001
2020-09-17,3.66
2020-09-18,1.5348
2020-09-21,-8.06
2020-09-22,-1.3
2020-09-23,-0.7799999999999999
2020-09-24,-5.46
2020-09-25,1.20439999999999
2020-09-28,-8.81999999999996
2020-09-29,5.129999999999989
2020-09-30,1.3499999999999999
2020-10-01,0.8999999999999998
2020-10-02,-0.23915750399999997
2020-10-05,0.0
2020-10-06,0.0
2020-10-07,0.0
2020-10-08,0.0
2020-10-09,1.0407333800000493
2020-10-12,-6.05
2020-10-13,4.95
2020-10-14,2.859999999999962
2020-10-15,-1.3199999999999874
2020-10-16,-0.4720000000000002
2020-10-19,5.999999999999979
2020-10-20,-0.7199999999999206
2020-10-21,-8.640000000000008
2020-10-22,9.35999999999993
2020-10-23,1.7568000000000001
2020-10-26,-2.97
2020-10-27,-1.6199999999999999
2020-10-28,-15.120000000000001
2020-10-29,-5.13
2020-10-30,-0.23525892
2020-11-02,0.0
2020-11-03,0.0
2020-11-04,0.0
2020-11-05,0.0
2020-11-06,1.7047559599999997
2020-11-09,-0.25
2020-11-10,7.625
2020-11-11,4.875
2020-11-12,-0.625
2020-11-13,-0.117
2020-11-16,2.5
2020-11-17,0.7000000000000001
2020-11-18,0.4
2020-11-19,1.0
2020-11-20,4.342
2020-11-23,3.8
2020-11-24,-1.0
2020-11-25,-4.3999999999999995
2020-11-26,0.0
2020-11-27,-0.40841496983589565
2020-11-30,-1.724592205801332
2020-12-01,0.8430087749549752
2020-12-02,0.6506025249118536
2020-12-03,0.2693460182481908
2020-12-04,-0.17169684125130452
2020-12-07,0.0
2020-12-08,0.0
2020-12-09,0.0
2020-12-10,0.0
2020-12-11,2.2547463999999926
2020-12-14,-1.19000000000002
2020-12-15,1.9975000000000254
2020-12-16,2.124999999999993
2020-12-17,3.697499999999989
2020-12-18,6.48876119909116
2020-12-21,1.6210486938088404
2020-12-22,6.326194096932104
2020-12-23,-3.5462421922224276
2020-12-24,-2.123757026268152
2020-12-25,-0.22594481427281504
2020-12-28,5.29
2020-12-29,8.74
2020-12-30,7.13
2020-12-31,9.2
2021-01-01,-0.011200000000000002
2021-01-04,-5.04
2021-01-05,7.7700000000000005
2021-01-06,2.31
2021-01-07,-1.05
2021-01-08,3.862399999999976
2021-01-11,-13.79999999999999
2021-01-12,8.850000000000023
2021-01-13,-3.3500000000000085
2021-01-14,6.099999999999994
2021-01-15,0.1496
2021-01-18,0.0
2021-01-19,-2.34
2021-01-20,-1.35
2021-01-21,0.72
2021-01-22,-0.9540799999999998
2021-01-25,3.848
2021-01-26,2.456
2021-01-27,-15.695999999999998
2021-01-28,2.88
2021-01-29,2.8363199999999997
2021-02-01,1.0999999999999999
2021-02-02,-2.9000000000000004
2021-02-03,3.5999999999999996
2021-02-04,-1.0
2021-02-05,-0.2091744
2021-02-08,0.0
2021-02-09,0.0
2021-02-10,0.0
2021-02-11,0.0
2021-02-12,-0.17361037313947772
2021-02-15,2.2401944033109213
2021-02-16,1.5488282264500182
2021-02-17,-0.45318290178676324
2021-02-18,-2.119696618421468
2021-02-19,3.491831171842071
2021-02-22,3.8700000000000103
2021-02-23,-7.199999999999999
2021-02-24,4.770000000000009
2021-02-25,-9.629999999999988
2021-02-26,2.112
2021-03-01,1.44
2021-03-02,1.2
2021-03-03,1.2
2021-03-04,-6.239999999999999
2021-03-05,-1.0880768
2021-03-08,0.0
2021-03-09,0.0
2021-03-10,0.0
2021-03-11,0.0
2021-03-12,0.1218048
2021-03-15,0.08000000000001818
2021-03-16,6.559999999999991
2021-03-17,4.240000000000009
2021-03-18,-8.080000000000018
2021-03-19,-0.07203514537513715
2021-03-22,-0.698410656276272
2021-03-23,-1.141494713682738
2021-03-24,-3.349405572527487
2021-03-25,2.1621819714335406
2021-03-26,0.5416093670120661
2021-03-29,-0.6599999999999795
2021-03-30,2.2799999999999727
2021-03-31,-1.6799999999999728
2021-04-01,2.5799999999999725
2021-04-02,-0.0577
2021-04-05,2.6325000000000003
2021-04-06,-0.4875
2021-04-07,1.1375
2021-04-08,2.9575
2021-04-09,3.0761
2021-04-12,1.3599999999999999
2021-04-13,1.8800000000000001
2021-04-14,-1.76
2021-04-15,6.279999999999999
2021-04-16,4.447999999999987
2021-04-19,-4.704000000000011
2021-04-20,7.683200000000031
2021-04-21,2.6655999999999707
2021-04-22,0.31359999999999333
2021-04-23,2.9665999999999997
2021-04-26,8.125
2021-04-27,-3.375
2021-04-28,-7.875
2021-04-29,-0.375
2021-04-30,3.05
2021-05-03,0.0
2021-05-04,0.0
2021-05-05,0.0
2021-05-06,7.625
2021-05-07,1.791
2021-05-10,-10.7
2021-05-11,0.8
2021-05-12,-8.4
2021-05-13,-13.0
2021-05-14,-0.6053248
2021-05-17,0.0
2021-05-18,0.0
2021-05-19,0.0
2021-05-20,0.0
2021-05-21,-0.5739070000000001
2021-05-24,0.1270266400000178
2021-05-25,0.08453879999997325
2021-05-26,-0.3341525899999734
2021-05-27,0.1427206949999645
2021-05-28,-0.186634755
2021-05-31,0.0
2021-06-01,0.0
2021-06-02,0.0
2021-06-03,0.0
2021-06-04,0.0
2021-06-07,0.0
2021-06-08,0.0
2021-06-09,0.0
2021-06-10,0.0
2021-06-11,-0.62680096
2021-06-14,-4.5
2021-06-15,0.375
2021-06-16,-10.875
2021-06-17,4.3125
2021-06-18,-0.1614051
2021-06-21,0.0
2021-06-22,0.0
2021-06-23,0.0
2021-06-24,0.0
2021-06-25,-0.45198389999999994
2021-06-28,6.174
2021-06-29,2.862
2021-06-30,-0.954
2021-07-01,-0.594
2021-07-02,2.9653600000000004
2021-07-05,0.0
2021-07-06,-2.1
2021-07-07,4.7
2021-07-08,-8.3
2021-07-09,-0.6845
2021-07-12,0.1875
2021-07-13,-5.0625
2021-07-14,6.1875
2021-07-15,3.375
2021-07-16,-3.1919999999999997
2021-07-19,0.3
2021-07-20,6.5
2021-07-21,2.5
2021-07-22,0.8
2021-07-23,0.026
2021-07-26,0.375
2021-07-27,1.425
2021-07-28,-0.525
2021-07-29,-0.975
2021-07-30,-0.8189999999999772
2021-08-02,-2.8000000000000114
2021-08-03,-0.8000000000000113
2021-08-04,-3.199999999999989
2021-08-05,2.400000000000034
2021-08-06,-0.34654349
2021-08-09,0.0
2021-08-10,0.0
2021-08-11,0.0
2021-08-12,0.0
2021-08-13,8.886070444999984
2021-08-16,2.0800000000000183
2021-08-17,1.2
2021-08-18,0.4800000000000182
2021-08-19,-7.760000000000036
2021-08-20,-0.8574976
2021-08-23,0.0
2021-08-24,0.0
2021-08-25,0.0
2021-08-26,0.0
2021-08-27,-1.8207168000000207
2021-08-30,-9.239999999999986
2021-08-31,-2.939999999999986
2021-09-01,6.8399999999999865
2021-09-02,-1.0800000000000025
2021-09-03,2.4239999999999773
2021-09-06,0.0
2021-09-07,-3.199999999999989
2021-09-08,1.0
2021-09-09,-8.199999999999989
2021-09-10,-0.11748203993553491
2021-09-13,0.9461254343989345
2021-09-14,0.9484161905586992
2021-09-15,-1.2076686962209982
2021-09-16,-0.182413513193056
2021-09-17,0.28648830273346676
2021-09-20,-4.2
2021-09-21,2.7
2021-09-22,9.2
2021-09-23,4.3
2021-09-24,-0.274955632
2021-09-27,0.0
2021-09-28,0.0
2021-09-29,0.0
2021-09-30,0.0
2021-10-01,4.422110496
2021-10-04,3.3999999999999635
2021-10-05,1.7999999999999974
2021-10-06,1.2000000000000455
2021-10-07,2.7999999999999403
2021-10-08,9.203999999999999
2021-10-11,7.7
2021-10-12,-10.0
2021-10-13,-5.800000000000001
2021-10-14,1.0999999999999999
2021-10-15,-0.296133712
2021-10-18,0.0
2021-10-19,0.0
2021-10-20,0.0
2021-10-21,0.0
2021-10-22,-1.3006248960000684
2021-10-25,-5.920000000000016
2021-10-26,-1.2799999999999159
2021-10-27,0.7999999999999545
2021-10-28,-0.7999999999999545
2021-10-29,-0.8063126199999999
2021-11-01,0.0
2021-11-02,0.0
2021-11-03,0.0
2021-11-04,0.0
2021-11-05,-2.4595521199999997
2021-11-08,-0.5740000000000001
2021-11-09,-3.521
2021-11-10,-5.901
2021-11-11,1.414
2021-11-12,2.92928
2021-11-15,0.0
2021-11-16,-3.5000000000000004
2021-11-17,4.5
2021-11-18,2.3
2021-11-19,-0.7567200000000001
2021-11-22,-5.306
2021-11-23,-2.8209999999999997
2021-11-24,1.5959999999999999
2021-11-25,0.0
2021-11-26,3.1972799999999544
2021-11-29,-7.59999999999991
2021-11-30,-5.600000000000023
2021-12-01,3.1999999999999322
2021-12-02,3.200000000000045
2021-12-03,-0.17748744
2021-12-06,0.0
2021-12-07,0.0
2021-12-08,0.0
2021-12-09,0.0
2021-12-10,0.004542240000027277
2021-12-13,-3.3000000000000003
2021-12-14,7.559999999999981
2021-12-15,-3.1199999999999934
2021-12-16,-0.3
2021-12-17,-0.7541999999999932
2021-12-20,-2.8799999999999955
2021-12-21,1.4399999999999973
2021-12-22,4.159999999999968
2021-12-23,0.0
2021-12-24,-0.4342
2021-12-27,0.4800000000000068
2021-12-28,0.059999999999979535
2021-12-29,-0.23999999999998636
2021-12-30,-2.7600000000000136
2021-12-31,-3.0341999999999727
2022-01-03,-1.3200000000000272
2022-01-04,-2.4
2022-01-05,-5.879999999999972
2022-01-06,-9.0
2022-01-07,-0.2149930525
2022-01-10,0.0
2022-01-11,0.0
2022-01-12,0.0
2022-01-13,0.0
2022-01-14,4.1136108875
2022-01-17,0.0
2022-01-18,-3.4000000000000004
2022-01-19,2.1999999999999997
2022-01-20,-0.8999999999999999
2022-01-21,-2.118
2022-01-24,-2.07
2022-01-25,0.54
2022-01-26,5.715
2022-01-27,1.395
2022-01-28,-0.407
2022-01-31,3.85
2022-02-01,7.95
2022-02-02,3.0
2022-02-03,-1.3
2022-02-04,2.866
2022-02-07,4.6
2022-02-08,-2.68
2022-02-09,3.52
2022-02-10,-2.96
2022-02-11,0.254
2022-02-14,-7.3
2022-02-15,-0.4
2022-02-16,-6.2
2022-02-17,-0.8999999999999999
2022-02-18,0.2726399999998799
2022-02-21,0.0
2022-02-22,0.11
2022-02-23,2.42
2022-02-24,-1.29799999999992
2022-02-25,-2.43856
2022-02-28,10.395
2022-03-01,7.000000000000001
2022-03-02,10.5
2022-03-03,10.5
2022-03-04,-0.4679999999999818
2022-03-07,-1.1200000000000272
2022-03-08,10.288000000000034
2022-03-09,-11.408000000000037
2022-03-10,0.8
2022-03-11,2.7681999999999998
2022-03-14,-2.025
2022-03-15,0.44999999999999996
2022-03-16,-6.6000000000000005
2022-03-17,4.425
2022-03-18,-0.4657266
2022-03-21,0.0
2022-03-22,0.0
2022-03-23,0.0
2022-03-24,0.0
2022-03-25,0.21130672000000003
2022-03-28,4.585
2022-03-29,4.81
2022-03-30,-2.325
2022-03-31,-3.775
2022-04-01,-0.35958541999999993
2022-04-04,0.0
2022-04-05,0.0
2022-04-06,0.0
2022-04-07,0.0
2022-04-08,1.8711511250001571
2022-04-11,-0.1724160000000394
2022-04-12,-8.965632000000078
2022-04-13,0.5172480000001175
2022-04-14,1.9396799999999998
2022-04-15,-0.5547776
2022-04-18,2.72800000000002
2022-04-19,-10.758000000000095
2022-04-20,-1.319999999999925
2022-04-21,-0.02199999999997999
2022-04-22,-5.6696
2022-04-25,-2.8000000000000003
2022-04-26,-0.35000000000000003
2022-04-27,4.65
2022-04-28,-1.95
2022-04-29,-1.7260000000000002
2022-05-02,-3.5999999999999996
2022-05-03,-4.3999999999999995
2022-05-04,-0.1
2022-05-05,1.3
2022-05-06,-1.525599999999925
2022-05-09,-12.452000000000055
2022-05-10,-1.4080000000000015
2022-05-11,7.920000000000019
2022-05-12,-1.8700000000000188
2022-05-13,1.7362
2022-05-16,9.45
2022-05-17,4.515000000000001
2022-05-18,-6.895
2022-05-19,-3.955
2022-05-20,0.6177999999999999
2022-05-23,-3.6450000000000005
2022-05-24,0.9900000000000001
2022-05-25,-2.2950000000000004
2022-05-26,8.325000000000001
2022-05-27,-0.47033150000000007
2022-05-30,0.0
2022-05-31,0.0
2022-06-01,0.0
2022-06-02,0.0
2022-06-03,-0.43881377250000003
2022-06-06,0.0
2022-06-07,0.0
2022-06-08,0.0
2022-06-09,0.0
2022-06-10,-0.8875004815
2022-06-13,-5.64
2022-06-14,-1.76
2022-06-15,-0.32
2022-06-16,2.96
2022-06-17,-3.0608000000000004
2022-06-20,0.0
2022-06-21,-9.04
2022-06-22,-2.8000000000000003
2022-06-23,-11.04
2022-06-24,-0.10269712500000001
2022-06-27,0.0
2022-06-28,0.0
2022-06-29,0.0
2022-06-30,0.0
2022-07-01,-0.005227625
2022-07-04,0.0
2022-07-05,0.0
2022-07-06,0.0
2022-07-07,0.0
2022-07-08,3.0291815
2022-07-11,-5.195
2022-07-12,-2.4299999999999997
2022-07-13,-0.9400000000000001
2022-07-14,1.4949999999999999
2022-07-15,2.955199999999936
2022-07-18,0.31999999999993634
2022-07-19,-6.879999999999928
2022-07-20,-3.9200000000000728
2022-07-21,-4.639999999999963
2022-07-22,-0.3423848
2022-07-25,0.0
2022-07-26,0.0
2022-07-27,0.0
2022-07-28,0.0
2022-07-29,1.4950008000000363
2022-08-01,-2.240000000000009
2022-08-02,-4.480000000000018
2022-08-03,1.5200000000000273
2022-08-04,-0.6400000000000091
2022-08-05,0.70024
2022-08-08,-0.054
2022-08-09,-3.7560000000000002
2022-08-10,7.806
2022-08-11,-0.8340000000000001
2022-08-12,1.1646400000000499
2022-08-15,-4.0040000000000475
2022-08-16,0.352000000000055
2022-08-17,-0.3960000000000462
2022-08-18,0.2640000000000413
2022-08-19,-1.2978191000000239
2022-08-22,0.6986174999999997
2022-08-23,7.125898499999993
2022-08-24,-2.1657142499999766
2022-08-25,1.3273732499999842
2022-08-26,-1.7530187499999998
2022-08-29,2.313984750000008
2022-08-30,-8.248383500000008
2022-08-31,-6.404875750000015
2022-09-01,-3.408133749999984
2022-09-02,-0.9035049999999999
2022-09-05,0.0
2022-09-06,0.0
2022-09-07,0.0
2022-09-08,0.0
2022-09-09,5.712298187499985
2022-09-12,7.160540625000021
2022-09-13,-2.445240625000007
2022-09-14,1.1202468750000072
2022-09-15,3.499149999999979
2022-09-16,-2.957442367499992
2022-09-19,0.5623170000000073
2022-09-20,-2.9462475000000317
2022-09-21,-1.0104604999999833
2022-09-22,2.0748664999999984
2022-09-23,1.44430017
2022-09-26,-7.619999999999992
2022-09-27,6.239999999999985
2022-09-28,3.840000000000021
2022-09-29,3.4199999999999933
2022-09-30,-4.59982626000012
2022-10-03,-0.9723202499999445
2022-10-04,-5.528960249999962
2022-10-05,4.278194249999944
2022-10-06,-1.6188067500000007
2022-10-07,4.759081249999957
2022-10-10,-0.5375999999999567
2022-10-11,1.0751999999999453
2022-10-12,0.17919999999999617
2022-10-13,0.179200000000028
2022-10-14,-3.2778
2022-10-17,-2.4699999999999998
2022-10-18,-1.045
2022-10-19,-0.95
2022-10-20,2.09
2022-10-21,3.0508000000000455
2022-10-24,5.7999999999999545
2022-10-25,-1.1000000000000227
2022-10-26,1.3000000000000682
2022-10-27,-0.7000000000000455
2022-10-28,2.1505131750000106
2022-10-31,1.0805129999999898
2022-11-01,2.4021472499999903
2022-11-02,0.08903475000002027
2022-11-03,-3.1969350000000203
2022-11-04,-0.8372429249999999
2022-11-07,0.0
2022-11-08,0.0
2022-11-09,0.0
2022-11-10,0.0
2022-11-11,-6.872349800000009
2022-11-14,1.4873320000000094
2022-11-15,1.9874579999999815
2022-11-16,0.6653960000000092
2022-11-17,-1.66524
2022-11-18,1.024303399999966
2022-11-21,-1.7599999999998772
2022-11-22,-2.2400000000000375
2022-11-23,-6.240000000000094
2022-11-24,0.0
2022-11-25,-0.5338897499999763
2022-11-28,-4.475940000000012
2022-11-29,-3.6382625
2022-11-30,3.6271375000000003
2022-12-01,6.787325000000023
2022-12-02,6.63197125
2022-12-05,-6.375
2022-12-06,2.0
2022-12-07,6.75
2022-12-08,-4.625
2022-12-09,-5.09
2022-12-12,-0.13999999999999999
2022-12-13,3.08
2022-12-14,1.96
2022-12-15,-3.36
2022-12-16,0.7185
2022-12-19,-3.75
2022-12-20,-3.84375
2022-12-21,0.84375
2022-12-22,-0.9375
2022-12-23,-0.819392
2022-12-26,0.0
2022-12-27,0.0
2022-12-28,0.0
2022-12-29,0.0
2022-12-30,-2.8085119999998907
2023-01-02,0.0
2023-01-03,-4.440000000000055
2023-01-04,2.6400000000000543
2023-01-05,-0.7200000000000273
2023-01-06,-0.6569664000000001
2023-01-09,0.0
2023-01-10,0.0
2023-01-11,0.0
2023-01-12,0.0
2023-01-13,2.2275904
2023-01-16,0.0
2023-01-17,-3.64
2023-01-18,-1.4560000000000763
2023-01-19,7.727999999999975
2023-01-20,0.3362400000000473
2023-01-23,1.0919999999999528
2023-01-24,1.7159999999999762
2023-01-25,2.2359999999999762
2023-01-26,-4.497999999999929
2023-01-27,5.263520000000013
2023-01-30,4.121599999999944
2023-01-31,10.393600000000033
2023-02-01,-6.6304000000000185
2023-02-02,5.376000000000013
2023-02-03,0.8831397999999852
2023-02-06,-2.452515
2023-02-07,1.198957500000015
2023-02-08,0.16125750000000003
2023-02-09,2.9281245000000076
2023-02-10,-0.14060885
2023-02-13,1.50129
2023-02-14,0.932449
2023-02-15,0.46464039999999995
2023-02-16,0.35952
2023-02-17,1.17255
2023-02-20,0.0
2023-02-21,1.6
2023-02-22,-1.9
2023-02-23,0.0
2023-02-24,-9.9900000000001
2023-02-27,6.6400000000001
2023-02-28,-4.8
2023-03-01,11.119999999999937
2023-03-02,-2.9600000000000364
2023-03-03,-0.19723825
2023-03-06,0.5469401000000108
2023-03-07,-1.4351904
2023-03-08,0.9587305
2023-03-09,-0.6499108
2023-03-10,0.0
2023-03-13,-4.440088800000027
2023-03-14,2.786149800000027
2023-03-15,-5.847097900000027
2023-03-16,2.0629546
2023-03-17,-1.9769034999999997
2023-03-20,1.0250000000000001
2023-03-21,3.495
2023-03-22,-3.535
2023-03-23,3.4549999999999996
2023-03-24,-2.09064
2023-03-27,-4.284000000000033
2023-03-28,3.1320000000000165
2023-03-29,-1.656000000000049
2023-03-30,2.646000000000049
2023-03-31,3.9741599999999844
2023-04-03,2.9400000000000315
2023-04-04,4.339999999999953
2023-04-05,11.479999999999986
2023-04-06,10.360000000000047
2023-04-07,-0.196
2023-04-10,-1.2319999999999938
2023-04-11,5.936000000000013
2023-04-12,-4.144000000000011
2023-04-13,-0.33600000000001273
2023-04-14,-2.344295000000151
2023-04-17,3.5998574999999984
2023-04-18,-1.9208624999999997
2023-04-19,-3.3910600000000257
2023-04-20,-0.6579600000001496
2023-04-21,-5.865261
2023-04-24,7.5500000000000105
2023-04-25,7.1999999999999895
2023-04-26,-3.6499999999999777
2023-04-27,10.699999999999989
2023-04-28,-0.055200000000017777
2023-05-01,-7.616000000000013
2023-05-02,-3.852799999999997
2023-05-03,0.2688000000000102
2023-05-04,3.763200000000015
2023-05-05,2.90584
2023-05-08,0.77
2023-05-09,3.03600000000004
2023-05-10,-1.14399999999996
2023-05-11,-3.65200000000008
2023-05-12,-3.2127594400001196
2023-05-15,-2.486453999999877
2023-05-16,-3.064550999999714
2023-05-17,1.4985600000000259
2023-05-18,-9.445125000000019
2023-05-19,-1.6145142399999999
2023-05-22,2.086
2023-05-23,-5.117
2023-05-24,3.045
2023-05-25,3.927
2023-05-26,5.97504
2023-05-29,0.0
2023-05-30,1.038
2023-05-31,-2.8979999999999997
2023-06-01,5.058
2023-06-02,-1.4433599999999729
2023-06-05,0.8999999999999999
2023-06-06,5.3399999999999865
2023-06-07,-5.519999999999959
2023-06-08,-2.280000000000041
2023-06-09,-0.6151584
2023-06-12,0.0
2023-06-13,0.0
2023-06-14,0.0
2023-06-15,0.0
2023-06-16,-0.1618752
2023-06-19,0.0
2023-06-20,0.0
2023-06-21,0.0
2023-06-22,0.0
2023-06-23,2.095872
2023-06-26,3.5000000000000004
2023-06-27,-3.0
2023-06-28,-1.6
2023-06-29,-2.8000000000000003
2023-06-30,6.9272
2023-07-03,-0.8
2023-07-04,0.0
2023-07-05,-6.880000000000018
2023-07-06,-0.4800000000000182
2023-07-07,-0.2404933999999998
2023-07-10,-0.3122720000000045
2023-07-11,-2.541777499999991
2023-07-12,-4.1527275000000134
2023-07-13,-0.0031465000000000603
2023-07-14,-2.98169088
2023-07-17,3.216
2023-07-18,2.91
2023-07-19,-0.18
2023-07-20,-8.244
2023-07-21,7.974239999999999
2023-07-24,-1.380000000000041
2023-07-25,-3.5399999999999863
2023-07-26,-4.260000000000014
2023-07-27,0.1200000000000273
2023-07-28,-1.2072266999999999
2023-07-31,-0.8457190000000612
2023-08-01,-2.925026999999921
2023-08-02,-0.23067450000000875
2023-08-03,-0.9952810000000087
2023-08-04,-3.6240755000000444
2023-08-07,1.3199000000000503
2023-08-08,5.26481999999995
2023-08-09,-4.821079999999943
2023-08-10,-3.512980000000019
2023-08-11,-0.2596017999999649
2023-08-14,-2.221761500000026
2023-08-15,-1.6031819999999741
2023-08-16,0.22846949999996524
2023-08-17,1.3707190000000087
2023-08-18,-1.8643619999999999
2023-08-21,0.38213999999999965
2023-08-22,-0.25278000000000017
2023-08-23,0.12713999999999998
2023-08-24,2.8054399999999995
2023-08-25,0.345768
2023-08-28,0.975
2023-08-29,3.8249999999999997
2023-08-30,-4.575
2023-08-31,-3.0
2023-09-01,-2.3267320000000002
2023-09-04,-1.140205
2023-09-05,6.55689
2023-09-06,2.5224
2023-09-07,-0.8781600000000003
2023-09-08,-4.835007999999987
2023-09-11,0.5375999999999885
2023-09-12,3.6736000000000013
2023-09-13,-2.329600000000046
2023-09-14,3.6736000000000013
2023-09-15,-0.7626256000000193
2023-09-18,-2.0461559999999808
2023-09-19,4.350783999999971
2023-09-20,-0.6835039999999611
2023-09-21,-2.2202960000000194
2023-09-22,-0.16099199999999156
2023-09-25,0.6479999999999734
2023-09-26,7.199999999999999
2023-09-27,-1.7999999999999998
2023-09-28,-3.5999999999999996
2023-09-29,-2.9132640000000003
2023-10-02,-4.82369599999999
2023-10-03,-2.46642799999998
2023-10-04,-5.608832000000038
2023-10-05,-0.5891199999999904
2023-10-06,-0.04371899999938932
2023-10-09,11.059349999999823
2023-10-10,-4.4331000000004686
2023-10-11,-3.1699349999998185
2023-10-12,-7.317119999999673
2023-10-13,-5.298348900000001
2023-10-16,-0.3798900000000324
2023-10-17,0.5684850000000216
2023-10-18,-1.9923030000000213
2023-10-19,-2.952935999999967
2023-10-20,0.7170769500000205
2023-10-23,-0.6600000000000136
2023-10-24,5.880000000000008
2023-10-25,-3.9
2023-10-26,-0.8999999999999999
2023-10-27,1.5195919999999998
2023-10-30,-1.09184
2023-10-31,-0.2434200000000002
2023-11-01,-3.7666999999999997
2023-11-02,4.97924
2023-11-03,4.542336000000001
2023-11-06,1.68
2023-11-07,-4.32
2023-11-08,3.36
2023-11-09,4.68
2023-11-10,3.0535199999999993
2023-11-13,3.30366
2023-11-14,-9.312459999999998
2023-11-15,2.2089999999999996
2023-11-16,5.36125
2023-11-17,-3.431482759999959
2023-11-20,0.25749899999994796
2023-11-21,1.5083370000000258
2023-11-22,0.45583260000004794
2023-11-23,-3.9873902999999955
2023-11-24,1.266233056
2023-11-27,1.3187680000000952
2023-11-28,-1.2045935000000003
2023-11-29,-0.24082629999998628
2023-11-30,1.5733151499999452
2023-12-01,3.8535012200000005
2023-12-04,-1.343
2023-12-05,-1.207
2023-12-06,-0.9520000000000001
2023-12-07,0.44200000000000006
2023-12-08,-0.40779780000000004
2023-12-11,0.26911750000052015
2023-12-12,1.0778199999997855
2023-12-13,1.886639999999816
2023-12-14,6.81409375
2023-12-15,1.4795082
2023-12-18,0.0
2023-12-19,3.7350000000000003
2023-12-20,-6.585000000000001
2023-12-21,3.585
2023-12-22,1.6070715000003095
2023-12-25,0.0
2023-12-26,0.0
2023-12-27,1.9878660000003112
2023-12-28,0.7501983749993177
2023-12-29,-3.2389694999998864
2024-01-01,0.0
2024-01-02,-1.5187320000000517
2024-01-03,2.948832000000112
2024-01-04,-6.158505375000001
2024-01-05,-0.26939744999998505
2024-01-08,0.9519869999999552
2024-01-09,2.3639452500000147
2024-01-10,1.1169306000000296
2024-01-11,-3.473930250000045
2024-01-12,0.25120184999999995
2024-01-15,0.0
2024-01-16,-4.875
2024-01-17,-9.0
2024-01-18,0.625
2024-01-19,4.376000000000014
2024-01-22,0.23999999999998636
2024-01-23,2.6399999999999864
2024-01-24,7.08000000000004
2024-01-25,-3.180000000000041
2024-01-26,0.7330546499999875
2024-01-29,-1.2993709999999878
2024-01-30,2.8147929999999026
2024-01-31,-2.0547784999999146
2024-02-01,-0.9736160000000367
2024-02-02,3.5157881800000004
2024-02-05,16.0199752
2024-02-06,5.613050800000001
2024-02-07,10.180934
2024-02-08,24.6483348
2024-02-09,1.9553084750000245
2024-02-12,0.2695095
2024-02-13,-12.118295
2024-02-14,4.687263000000024
2024-02-15,0.590238999999951
2024-02-16,-3.084131499999975
2024-02-19,0.0
2024-02-20,-8.670000000000002
2024-02-21,3.9299999999999646
2024-02-22,2.3100000000000307
2024-02-23,0.5087013599999802
2024-02-26,-0.95258200000002
2024-02-27,2.68771240000002
2024-02-28,2.5604097999999906
2024-02-29,-0.1286881999999805
2024-03-01,-1.6885110920000006
2024-03-04,-1.0875093599999999
2024-03-05,-1.0934023199999996
2024-03-06,0.88516008
2024-03-07,7.76439384
2024-03-08,2.1416013911999996
2024-03-11,0.7019999999999528
2024-03-12,-6.5519999999999525
2024-03-13,4.055999999999976
2024-03-14,-3.5620000000000704
2024-03-15,1.8811199999999795
2024-03-18,0.5599999999999741
2024-03-19,-4.759999999999991
2024-03-20,1.6799999999999926
2024-03-21,-2.2399999999999665
2024-03-22,5.301066016
2024-03-25,-1.7703510000000002
2024-03-26,1.1655971999999999
2024-03-27,-0.6534732000000001
2024-03-28,3.3815036
2024-03-29,-0.06860033999999998
2024-04-01,0.0
2024-04-02,0.0
2024-04-03,0.0
2024-04-04,0.0
2024-04-05,0.0
2024-04-08,0.0
2024-04-09,0.0
2024-04-10,0.0
2024-04-11,0.0
2024-04-12,0.0
2024-04-15,0.0
2024-04-16,0.0
2024-04-17,0.0
2024-04-18,0.0
2024-04-19,0.0
2024-04-22,0.0
2024-04-23,0.0
2024-04-24,0.0
2024-04-25,0.0
2024-04-26,0.0
2024-04-29,0.0
2024-04-30,0.0
2024-05-01,0.0
2024-05-02,0.0
2024-05-03,0.0
2024-05-06,0.0
2024-05-07,0.0
2024-05-08,0.0
2024-05-09,0.0
2024-05-10,0.0
2024-05-13,0.0
2024-05-14,0.0
2024-05-15,0.0
2024-05-16,0.0
2024-05-17,0.0
2024-05-20,0.0
2024-05-21,0.0
2024-05-22,0.0
2024-05-23,0.0
2024-05-24,0.0
2024-05-27,0.0
2024-05-28,0.0
2024-05-29,0.0
2024-05-30,0.0
2024-05-31,0.0
2024-06-03,0.0
2024-06-04,0.0
2024-06-05,0.0
2024-06-06,0.0
2024-06-07,0.0
2024-06-10,0.0
2024-06-11,0.0
2024-06-12,0.0
2024-06-13,0.0
2024-06-14,0.0
2024-06-17,0.0
2024-06-18,0.0
2024-06-19,0.0
2024-06-20,0.0
2024-06-21,0.0
2024-06-24,0.0
2024-06-25,0.0
2024-06-26,0.0
2024-06-27,0.0
2024-06-28,0.0
2024-07-01,0.0
2024-07-02,0.0
2024-07-03,0.0
2024-07-04,0.0
2024-07-05,0.0
2024-07-08,0.0
2024-07-09,0.0
2024-07-10,0.0
2024-07-11,0.0
2024-07-12,0.0
2024-07-15,0.0
2024-07-16,0.0
2024-07-17,0.0
2024-07-18,0.0
2024-07-19,0.0
2024-07-22,0.0
2024-07-23,0.0
2024-07-24,0.0
2024-07-25,0.0
2024-07-26,0.0
2024-07-29,0.0
2024-07-30,0.0
2024-07-31,0.0
2024-08-01,0.0
2024-08-02,0.0
2024-08-05,0.0
2024-08-06,0.0
2024-08-07,0.0
2024-08-08,0.0
2024-08-09,0.0
2024-08-12,0.0
2024-08-13,0.0
2024-08-14,0.0
2024-08-15,0.0
2024-08-16,0.0
2024-08-19,0.0
2024-08-20,0.0
2024-08-21,0.0
2024-08-22,0.0
2024-08-23,0.0
2024-08-26,0.0
2024-08-27,0.0
2024-08-28,0.0
2024-08-29,0.0
2024-08-30,0.0
2024-09-02,0.0
2024-09-03,0.0
2024-09-04,0.0
2024-09-05,0.0
2024-09-06,0.0
2024-09-09,0.0
2024-09-10,0.0
2024-09-11,0.0
2024-09-12,0.0
2024-09-13,0.0
2024-09-16,0.0
2024-09-17,0.0
2024-09-18,0.0
2024-09-19,0.0
2024-09-20,0.0
2024-09-23,0.0
2024-09-24,0.0
2024-09-25,0.0
2024-09-26,0.0
2024-09-27,0.0
2024-09-30,0.0
2024-10-01,0.0
2024-10-02,0.0
2024-10-03,0.0
2024-10-04,0.0
2024-10-07,0.0
2024-10-08,0.0
2024-10-09,0.0
2024-10-10,0.0
2024-10-11,0.0
2024-10-14,0.0
2024-10-15,0.0
2024-10-16,0.0
2024-10-17,0.0
2024-10-18,0.0
2024-10-21,0.0
2024-10-22,0.0
2024-10-23,0.0
2024-10-24,0.0
2024-10-25,0.0
2024-10-28,0.0
2024-10-29,0.0
2024-10-30,0.0
2024-10-31,0.0
2024-11-01,0.0
2024-11-04,0.0
2024-11-05,0.0
2024-11-06,0.0
2024-11-07,0.0
2024-11-08,0.0
2024-11-11,0.0
2024-11-12,0.0
2024-11-13,0.0
2024-11-14,0.0
2024-11-15,0.0
2024-11-18,0.0
2024-11-19,0.0
2024-11-20,0.0
2024-11-21,0.0
2024-11-22,0.0
2024-11-25,0.0
2024-11-26,0.0
2024-11-27,0.0
2024-11-28,0.0
2024-11-29,0.0
2024-12-02,0.0
2024-12-03,0.0
2024-12-04,0.0
2024-12-05,0.0
2024-12-06,0.0
2024-12-09,0.0
2024-12-10,0.0
2024-12-11,0.0
2024-12-12,0.0
2024-12-13,0.0
2024-12-16,0.0
2024-12-17,0.0
2024-12-18,0.0
2024-12-19,0.0
2024-12-20,0.0
2024-12-23,0.0
2024-12-24,0.0
2024-12-25,0.0
2024-12-26,0.0
2024-12-27,0.0
2024-12-30,0.0
2024-12-31,0.0
2025-01-01,0.0
2025-01-02,0.0
2025-01-03,0.0
2025-01-06,0.0
2025-01-07,0.0
2025-01-08,0.0
2025-01-09,0.0
2025-01-10,0.0
2025-01-13,0.0
2025-01-14,0.0
2025-01-15,0.0
2025-01-16,0.0
2025-01-17,0.0
2025-01-20,0.0
2025-01-21,0.0
2025-01-22,0.0
2025-01-23,0.0
2025-01-24,0.0
2025-01-27,0.0
2025-01-28,0.0
2025-01-29,0.0
2025-01-30,0.0
2025-01-31,0.0
2025-02-03,0.0
2025-02-04,0.0
2025-02-05,0.0
2025-02-06,0.0
2025-02-07,0.0
2025-02-10,0.0
2025-02-11,0.0
2025-02-12,0.0
2025-02-13,0.0
2025-02-14,0.0
2025-02-17,0.0
2025-02-18,0.0
2025-02-19,0.0
2025-02-20,0.0
2025-02-21,0.0
2025-02-24,0.0
2025-02-25,0.0
2025-02-26,0.0
2025-02-27,0.0
2025-02-28,0.0
2025-03-03,0.0
2025-03-04,0.0
2025-03-05,0.0
2025-03-06,0.0
2025-03-07,0.0
2025-03-10,0.0
2025-03-11,0.0
2025-03-12,0.0
2025-03-13,0.0
2025-03-14,0.0
2025-03-17,0.0
2025-03-18,0.0
2025-03-19,0.0
2025-03-20,0.0
2025-03-21,0.0
2025-03-24,0.0
2025-03-25,0.0
2025-03-26,0.0
2025-03-27,0.0
2025-03-28,0.0
2025-03-31,0.0
2025-04-01,0.0
2025-04-02,0.0
2025-04-03,0.0
2025-04-04,-0.021120000000000003
2025-04-07,-14.903999999999979
2025-04-08,4.247999999999957
2025-04-09,21.81600000000002
2025-04-10,23.808000000000064
2025-04-11,-0.054094101000000006
2025-04-14,0.0
2025-04-15,0.0
2025-04-16,0.0
2025-04-17,0.0
2025-04-18,0.0
2025-04-21,0.0
2025-04-22,0.0
2025-04-23,0.0
2025-04-24,0.0
2025-04-25,0.0
2025-04-28,0.0
2025-04-29,0.0
2025-04-30,0.0
2025-05-01,0.0
2025-05-02,0.0
2025-05-05,0.0
2025-05-06,0.0
2025-05-07,0.0
2025-05-08,0.0
2025-05-09,-0.045474087
2025-05-12,0.0
2025-05-13,0.0
2025-05-14,0.0
2025-05-15,0.0
2025-05-16,-0.0031249965000000003
2025-05-19,0.0
2025-05-20,0.0
2025-05-21,0.0
2025-05-22,0.0
2025-05-23,-0.0031249965000000003
2025-05-26,0.0
2025-05-27,0.0
2025-05-28,0.0
2025-05-29,0.0
2025-05-30,0.0
2025-06-02,0.0
2025-06-03,0.0
2025-06-04,0.0
2025-06-05,0.0
2025-06-06,0.0
2025-06-09,0.0
2025-06-10,0.0
2025-06-11,0.0
2025-06-12,0.0
2025-06-13,-0.122198139
2025-06-16,0.0
2025-06-17,0.0
2025-06-18,0.0
2025-06-19,0.0
2025-06-20,0.0
2025-06-23,0.0
2025-06-24,0.0
2025-06-25,0.0
2025-06-26,0.0
2025-06-27,0.0
2025-06-30,0.0
2025-07-01,0.0
2025-07-02,0.0
2025-07-03,0.0
2025-07-04,-0.10734816
2025-07-07,0.0
2025-07-08,-0.12
2025-07-09,1.0574999999999999
2025-07-10,0.51
2025-07-11,0.0
2025-07-14,0.33
2025-07-15,-0.8099999999999999
2025-07-16,0.5775
2025-07-17,1.1175
2025-07-18,-0.0013000000000000002
2025-07-21,0.4
2025-07-22,0.08
2025-07-23,1.9800000000000002
2025-07-24,0.21
2025-07-25,0.0
2025-07-28,-0.09
2025-07-29,-0.67
2025-07-30,-0.38999999999999996
2025-07-31,-0.88
2025-08-01,-0.023949979000000003
2025-08-04,0.0
2025-08-05,0.0
2025-08-06,0.0
2025-08-07,0.0
2025-08-08,-0.0031249965000000003
2025-08-11,0.0
2025-08-12,0.0
2025-08-13,0.0
2025-08-14,0.0
2025-08-15,-0.0031249965000000003
2025-08-18,0.0
2025-08-19,0.0
2025-08-20,0.0
2025-08-21,0.0
2025-08-22,0.0
2025-08-25,0.0
2025-08-26,0.0
2025-08-27,0.0
2025-08-28,0.0
2025-08-29,-0.023949979000000003
2025-09-01,0.0
2025-09-02,-1.8900000000000001
2025-09-03,1.27
2025-09-04,2.1399999999999997
2025-09-05,0.0
2025-09-08,0.65
2025-09-09,0.63
2025-09-10,0.72
2025-09-11,2.11
2025-09-12,-0.021050477165406162
2025-09-15,0.0
2025-09-16,0.0
2025-09-17,0.0
2025-09-18,0.0
2025-09-19,-0.021050477165406162
2025-09-22,1.7176923076923047
2025-09-23,-1.5
2025-09-24,-0.91
2025-09-25,-1.3
2025-09-26,-0.018672905590595236
2025-09-29,0.0
2025-09-30,0.0
2025-10-01,0.0
2025-10-02,0.0
2025-10-03,-0.019972905590595235
2025-10-06,1.2375
2025-10-07,-1.3625
2025-10-08,1.9875
2025-10-09,-1.0999999999999999
2025-10-10,-0.019180381732324926
2025-10-13,0.0
2025-10-14,0.0
2025-10-15,0.0
2025-10-16,0.0
2025-10-17,0.0
2025-10-20,0.0
2025-10-21,0.0
2025-10-22,0.0
2025-10-23,0.0
2025-10-24,-0.003170095433081232
2025-10-27,0.0
2025-10-28,0.0
2025-10-29,0.0
2025-10-30,0.0
2025-10-31,-0.0741653862992437
2025-11-03,0.0
2025-11-04,0.0
2025-11-05,0.0
2025-11-06,0.0
2025-11-07,0.0
2025-11-10,0.0
2025-11-11,0.0
2025-11-12,0.0
2025-11-13,0.0
2025-11-14,-0.08340507900000001
2025-11-17,0.0
2025-11-18,0.0
2025-11-19,0.0
2025-11-20,0.0
2025-11-21,-0.0282602652992437
2025-11-24,0.0
2025-11-25,0.0
2025-11-26,0.0
2025-11-27,0.0
2025-11-28,-0.025135268799243698
2025-12-01,0.0
2025-12-02,0.0
2025-12-03,0.0
2025-12-04,0.0
2025-12-05,-0.0031249965000000003
2025-12-08,0.0
2025-12-09,0.0
2025-12-10,0.0
2025-12-11,0.0
2025-12-12,0.0
2025-12-15,0.0
2025-12-16,0.0
2025-12-17,0.0
2025-12-18,0.0
2025-12-19,0.0
2025-12-22,0.0
2025-12-23,0.0
2025-12-24,0.0
2025-12-25,0.0
2025-12-26,-0.0031249965000000003
2025-12-29,0.0
2025-12-30,0.0
2025-12-31,0.0
2026-01-01,0.0
2026-01-02,-0.0031249965000000003
2026-01-05,0.0
2026-01-06,0.0
2026-01-07,0.0
2026-01-08,0.0
2026-01-09,-0.051077529
2026-01-12,0.0
2026-01-13,0.0
2026-01-14,0.0
2026-01-15,0.0
2026-01-16,-0.05420252550000001
2026-01-19,0.0
2026-01-20,0.0
2026-01-21,0.0
2026-01-22,0.0
2026-01-23,-0.0994610955
2026-01-26,0.0
2026-01-27,0.0
2026-01-28,0.0
2026-01-29,0.0
2026-01-30,0.0
2026-02-02,0.0
2026-02-03,0.0
2026-02-04,0.0
2026-02-05,0.0
2026-02-06,0.0
2026-02-09,0.0
2026-02-10,0.0
2026-02-11,0.0
2026-02-12,0.0
2026-02-13,-0.08709640629924367
2026-02-16,0.0
2026-02-17,0.0
2026-02-18,0.0
2026-02-19,0.0
2026-02-20,0.0
2026-02-23,0.0
2026-02-24,0.0
2026-02-25,0.0
2026-02-26,0.0
2026-02-27,0.0
2026-03-02,0.0
2026-03-03,0.0
2026-03-04,0.0
2026-03-05,0.0
2026-03-06,-0.0741653862992437
2026-03-09,0.0
2026-03-10,0.0
2026-03-11,0.0
2026-03-12,0.0
2026-03-13,0.0
2026-03-16,0.0
2026-03-17,0.0
2026-03-18,0.0
2026-03-19,0.0
2026-03-20,0.0
2026-03-23,0.0
2026-03-24,0.0
2026-03-25,0.0
2026-03-26,0.0
2026-03-27,-0.07812800559059524
2026-03-30,0.0
2026-03-31,0.0
2026-04-01,0.0
2026-04-02,0.0
2026-04-03,0.0
2026-04-06,0.0
