,cum_pnl_usd
2015-01-09,-289.91616
2015-01-12,-289.91616
2015-01-13,-289.91616
2015-01-14,-289.91616
2015-01-15,-289.91616
2015-01-16,-612.36988
2015-01-19,-612.36988
2015-01-20,-612.36988
2015-01-21,-612.36988
2015-01-22,-612.36988
2015-01-23,-659.52312
2015-01-26,-659.52312
2015-01-27,-659.52312
2015-01-28,-659.52312
2015-01-29,-659.52312
2015-01-30,-660.5076207
2015-02-02,-660.5076207
2015-02-03,-660.5076207
2015-02-04,-660.5076207
2015-02-05,-660.5076207
2015-02-06,-696.4813967
2015-02-09,-696.4813967
2015-02-10,-696.4813967
2015-02-11,-696.4813967
2015-02-12,-696.4813967
2015-02-13,-808.8908687
2015-02-16,-808.8908687
2015-02-17,-808.8908687
2015-02-18,-808.8908687
2015-02-19,-808.8908687
2015-02-20,-921.9233167000001
2015-02-23,-921.9233167000001
2015-02-24,-921.9233167000001
2015-02-25,-921.9233167000001
2015-02-26,-921.9233167000001
2015-02-27,-969.4572831000002
2015-03-02,-969.4572831000002
2015-03-03,-969.4572831000002
2015-03-04,-969.4572831000002
2015-03-05,-969.4572831000002
2015-03-06,-1020.8371439000001
2015-03-09,-1020.8371439000001
2015-03-10,-1020.8371439000001
2015-03-11,-1020.8371439000001
2015-03-12,-1020.8371439000001
2015-03-13,-1056.0210039
2015-03-16,-1056.0210039
2015-03-17,-1056.0210039
2015-03-18,-1056.0210039
2015-03-19,-1056.0210039
2015-03-20,-1056.0210039
2015-03-23,-1056.0210039
2015-03-24,-1056.0210039
2015-03-25,-1056.0210039
2015-03-26,-1056.0210039
2015-03-27,-1056.0210039
2015-03-30,-1056.0210039
2015-03-31,-1056.0210039
2015-04-01,-1056.0210039
2015-04-02,-1056.0210039
2015-04-03,-1081.5602263
2015-04-06,-1081.5602263
2015-04-07,-1081.5602263
2015-04-08,-1081.5602263
2015-04-09,-1081.5602263
2015-04-10,-1113.9812373
2015-04-13,-1113.9812373
2015-04-14,-1113.9812373
2015-04-15,-1113.9812373
2015-04-16,-1113.9812373
2015-04-17,-1177.2115733
2015-04-20,-1177.2115733
2015-04-21,-1177.2115733
2015-04-22,-1177.2115733
2015-04-23,-1177.2115733
2015-04-24,-1233.9200677000001
2015-04-27,-1233.9200677000001
2015-04-28,-1233.9200677000001
2015-04-29,-1233.9200677000001
2015-04-30,-1233.9200677000001
2015-05-01,-1235.9269381000001
2015-05-04,-1235.9269381000001
2015-05-05,-1235.9269381000001
2015-05-06,-1235.9269381000001
2015-05-07,-1235.9269381000001
2015-05-08,-1235.9269381000001
2015-05-11,-1235.9269381000001
2015-05-12,-1235.9269381000001
2015-05-13,-1235.9269381000001
2015-05-14,-1235.9269381000001
2015-05-15,1700.0387098999997
2015-05-18,1820.0387098999997
2015-05-19,1820.0387098999997
2015-05-20,1820.0387098999997
2015-05-21,1820.0387098999997
2015-05-22,1574.0302474999999
2015-05-25,1574.0302474999999
2015-05-26,1574.0302474999999
2015-05-27,1574.0302474999999
2015-05-28,1574.0302474999999
2015-05-29,1574.0302474999999
2015-06-01,1574.0302474999999
2015-06-02,1574.0302474999999
2015-06-03,1574.0302474999999
2015-06-04,1574.0302474999999
2015-06-05,1572.1009955
2015-06-08,1572.1009955
2015-06-09,1572.1009955
2015-06-10,1572.1009955
2015-06-11,1572.1009955
2015-06-12,1570.1658562999999
2015-06-15,1570.1658562999999
2015-06-16,1570.1658562999999
2015-06-17,1570.1658562999999
2015-06-18,1570.1658562999999
2015-06-19,-1075.4449789000003
2015-06-22,484.55502109999975
2015-06-23,-1615.4449789000003
2015-06-24,964.5550210999997
2015-06-25,184.55502109999975
2015-06-26,-61.05581410000025
2015-06-29,-61.05581410000025
2015-06-30,-61.05581410000025
2015-07-01,-61.05581410000025
2015-07-02,-61.05581410000025
2015-07-03,-96.77297890000025
2015-07-06,1103.2270210999998
2015-07-07,690.7270210999998
2015-07-08,915.7270210999998
2015-07-09,1440.7270210999998
2015-07-10,1778.2270210999998
2015-07-13,2978.2270210999995
2015-07-14,953.2270210999995
2015-07-15,1253.2270210999995
2015-07-16,1065.7270210999995
2015-07-17,2066.3170210999997
2015-07-20,2737.8170210999997
2015-07-21,2780.3170210999997
2015-07-22,731.8170210999997
2015-07-23,196.3170210999997
2015-07-24,167.45963109999968
2015-07-27,167.45963109999968
2015-07-28,167.45963109999968
2015-07-29,167.45963109999968
2015-07-30,167.45963109999968
2015-07-31,57.04530609999969
2015-08-03,57.04530609999969
2015-08-04,57.04530609999969
2015-08-05,57.04530609999969
2015-08-06,57.04530609999969
2015-08-07,-51.047973900000315
2015-08-10,-51.047973900000315
2015-08-11,-51.047973900000315
2015-08-12,-51.047973900000315
2015-08-13,-51.047973900000315
2015-08-14,-80.27880990000031
2015-08-17,-80.27880990000031
2015-08-18,-80.27880990000031
2015-08-19,-80.27880990000031
2015-08-20,-80.27880990000031
2015-08-21,-113.08431390000031
2015-08-24,-113.08431390000031
2015-08-25,-113.08431390000031
2015-08-26,-113.08431390000031
2015-08-27,-113.08431390000031
2015-08-28,541.3043581000004
2015-08-31,-58.69564190001347
2015-09-01,-658.6956419000007
2015-09-02,-358.69564189998044
2015-09-03,541.3043581000004
2015-09-04,-25.695641900003693
2015-09-07,289.30435810000824
2015-09-08,-970.6956418999997
2015-09-09,44.30435809999233
2015-09-10,-1635.6956418999916
2015-09-11,-2001.1414018999917
2015-09-14,-2001.1414018999917
2015-09-15,-2001.1414018999917
2015-09-16,-2001.1414018999917
2015-09-17,-2001.1414018999917
2015-09-18,-2384.7861868999917
2015-09-21,-2384.7861868999917
2015-09-22,-2384.7861868999917
2015-09-23,-2384.7861868999917
2015-09-24,-2384.7861868999917
2015-09-25,-2812.4799718999916
2015-09-28,-2812.4799718999916
2015-09-29,-2812.4799718999916
2015-09-30,-2812.4799718999916
2015-10-01,-2812.4799718999916
2015-10-02,-1671.7010919000006
2015-10-05,-191.70109189998243
2015-10-06,-551.7010918999847
2015-10-07,1528.2989081000107
2015-10-08,2048.298908100015
2015-10-09,4376.298908100002
2015-10-12,5272.298908099983
2015-10-13,1352.298908100047
2015-10-14,4376.298908100002
2015-10-15,3928.2989081000114
2015-10-16,5534.298908100011
2015-10-19,5234.298908100011
2015-10-20,3614.2989081000183
2015-10-21,5624.298908100032
2015-10-22,4994.29890810003
2015-10-23,2002.6989081000675
2015-10-26,3973.898908100073
2015-10-27,2988.2989081000624
2015-10-28,4780.29890810004
2015-10-29,3705.0989081000625
2015-10-30,3632.6358601000625
2015-11-02,3632.6358601000625
2015-11-03,3632.6358601000625
2015-11-04,3632.6358601000625
2015-11-05,3632.6358601000625
2015-11-06,3961.6214201000626
2015-11-09,2081.6214201000626
2015-11-10,1961.6214201000626
2015-11-11,2057.6214201000626
2015-11-12,1065.6214201000626
2015-11-13,717.1030201000625
2015-11-16,717.1030201000625
2015-11-17,717.1030201000625
2015-11-18,717.1030201000625
2015-11-19,717.1030201000625
2015-11-20,352.92111610006253
2015-11-23,352.92111610006253
2015-11-24,352.92111610006253
2015-11-25,352.92111610006253
2015-11-26,352.92111610006253
2015-11-27,304.12983610006256
2015-11-30,304.12983610006256
2015-12-01,304.12983610006256
2015-12-02,304.12983610006256
2015-12-03,304.12983610006256
2015-12-04,-60.769915899937416
2015-12-07,-60.769915899937416
2015-12-08,-60.769915899937416
2015-12-09,-60.769915899937416
2015-12-10,-60.769915899937416
2015-12-11,-1134.2801558999374
2015-12-14,-771.7801558999374
2015-12-15,-989.2801558999374
2015-12-16,-2874.280155899937
2015-12-17,-2874.280155899937
2015-12-18,-3097.2382058999374
2015-12-21,-3097.2382058999374
2015-12-22,-3097.2382058999374
2015-12-23,-3097.2382058999374
2015-12-24,-3097.2382058999374
2015-12-25,-3125.573285899937
2015-12-28,-3125.573285899937
2015-12-29,-3125.573285899937
2015-12-30,-3125.573285899937
2015-12-31,-3125.573285899937
2016-01-01,-3153.6235558999374
2016-01-04,-3153.6235558999374
2016-01-05,-3153.6235558999374
2016-01-06,-3153.6235558999374
2016-01-07,-3153.6235558999374
2016-01-08,-2771.748405899922
2016-01-11,-4199.748405899938
2016-01-12,-5168.748405899945
2016-01-13,-4488.748405899945
2016-01-14,-7361.748405899922
2016-01-15,-6576.708405899926
2016-01-18,-6456.708405899922
2016-01-19,-7216.708405899924
2016-01-20,-10616.708405899924
2016-01-21,-7376.708405899926
2016-01-22,-7479.272245899926
2016-01-25,-7479.272245899926
2016-01-26,-7479.272245899926
2016-01-27,-7479.272245899926
2016-01-28,-7479.272245899926
2016-01-29,-7479.272245899926
2016-02-01,-7479.272245899926
2016-02-02,-7479.272245899926
2016-02-03,-7479.272245899926
2016-02-04,-7479.272245899926
2016-02-05,-5497.055445899931
2016-02-08,-3421.0554458999095
2016-02-09,-3481.0554458999095
2016-02-10,-2629.0554458999204
2016-02-11,3478.9445541000905
2016-02-12,2915.66455410008
2016-02-15,2915.66455410008
2016-02-16,647.6645541000826
2016-02-17,1145.6645541000798
2016-02-18,2741.664554100088
2016-02-19,2719.043594100088
2016-02-22,2719.043594100088
2016-02-23,2719.043594100088
2016-02-24,2719.043594100088
2016-02-25,2719.043594100088
2016-02-26,781.0630021000723
2016-02-29,3368.263002100045
2016-03-01,3917.063002100061
2016-03-02,5485.063002100083
2016-03-03,6425.863002100064
2016-03-04,7736.6630021000665
2016-03-07,6286.663002100064
2016-03-08,8486.663002100067
2016-03-09,6836.6630021000765
2016-03-10,8986.663002100067
2016-03-11,9565.863002100095
2016-03-14,9745.863002100068
2016-03-15,10045.863002100068
2016-03-16,10945.863002100068
2016-03-17,10945.863002100068
2016-03-18,12831.463002100058
2016-03-21,15698.66300210006
2016-03-22,17759.463002100034
2016-03-23,19372.26300210003
2016-03-24,11756.263002100017
2016-03-25,11163.963002100018
2016-03-28,10226.463002100018
2016-03-29,11763.963002099983
2016-03-30,15851.463002099976
2016-03-31,18776.463002099958
2016-04-01,18626.463002099925
2016-04-04,16451.463002099943
2016-04-05,15551.463002099952
2016-04-06,17051.463002099954
2016-04-07,16076.463002099945
2016-04-08,15499.390663280545
2016-04-11,15499.390663280545
2016-04-12,15499.390663280545
2016-04-13,15499.390663280545
2016-04-14,15499.390663280545
2016-04-15,15445.601663007805
2016-04-18,15445.601663007805
2016-04-19,17458.101663007805
2016-04-20,19278.101663007805
2016-04-21,19943.101663007805
2016-04-22,19939.601663007805
2016-04-25,20899.601663007805
2016-04-26,21919.601663007805
2016-04-27,21769.601663007805
2016-04-28,22054.601663007805
2016-04-29,22051.101663007805
2016-05-02,22788.601663007805
2016-05-03,21988.601663007805
2016-05-04,22363.601663007805
2016-05-05,21151.101663007805
2016-05-06,20947.480222883773
2016-05-09,20947.480222883773
2016-05-10,20947.480222883773
2016-05-11,20947.480222883773
2016-05-12,20947.480222883773
2016-05-13,20748.93368090758
2016-05-16,20728.93368090758
2016-05-17,21458.93368090758
2016-05-18,21188.93368090758
2016-05-19,21038.93368090758
2016-05-20,21038.93368090758
2016-05-23,20278.93368090758
2016-05-24,20188.93368090758
2016-05-25,21478.93368090758
2016-05-26,21198.93368090758
2016-05-27,21165.370401374155
2016-05-30,21165.370401374155
2016-05-31,21165.370401374155
2016-06-01,21165.370401374155
2016-06-02,21165.370401374155
2016-06-03,22777.36624106527
2016-06-06,27007.366241065276
2016-06-07,26527.36624106527
2016-06-08,25297.366241065298
2016-06-09,27007.366241065276
2016-06-10,26555.366241065276
2016-06-13,26375.366241065276
2016-06-14,26145.366241065276
2016-06-15,25665.366241065276
2016-06-16,24815.366241065276
2016-06-17,24206.166241065337
2016-06-20,23726.16624106532
2016-06-21,23686.166241065264
2016-06-22,20966.166241065283
2016-06-23,20406.166241065337
2016-06-24,21410.96624106533
2016-06-27,20720.966241065344
2016-06-28,21440.966241065336
2016-06-29,24350.96624106535
2016-06-30,26000.96624106535
2016-07-01,25548.96624106535
2016-07-04,25548.96624106535
2016-07-05,23178.96624106535
2016-07-06,23008.96624106535
2016-07-07,20878.96624106535
2016-07-08,20574.88969534919
2016-07-11,20574.88969534919
2016-07-12,20574.88969534919
2016-07-13,20574.88969534919
2016-07-14,20574.88969534919
2016-07-15,20069.65562170955
2016-07-18,21329.655621709495
2016-07-19,20369.65562170955
2016-07-20,20489.65562170951
2016-07-21,19079.655621709495
2016-07-22,19500.055621709496
2016-07-25,19440.055621709496
2016-07-26,19690.055621709496
2016-07-27,21520.055621709496
2016-07-28,22010.055621709496
2016-07-29,22009.575621709497
2016-08-01,22579.575621709497
2016-08-02,21420.575621709497
2016-08-03,21924.075621709497
2016-08-04,22522.575621709497
2016-08-05,22076.595621709497
2016-08-08,21923.595621709497
2016-08-09,22364.595621709497
2016-08-10,21986.595621709497
2016-08-11,22652.595621709497
2016-08-12,22868.865621709498
2016-08-15,23497.865621709498
2016-08-16,22715.865621709498
2016-08-17,22843.365621709498
2016-08-18,22970.865621709498
2016-08-19,21149.705621709498
2016-08-22,15619.705621709498
2016-08-23,17859.705621709498
2016-08-24,16319.705621709498
2016-08-25,17299.705621709498
2016-08-26,17518.705621709512
2016-08-29,19678.7056217095
2016-08-30,19108.7056217095
2016-08-31,16378.705621709503
2016-09-01,20788.7056217095
2016-09-02,19998.205621709483
2016-09-05,19998.205621709483
2016-09-06,19473.20562170949
2016-09-07,19548.205621709465
2016-09-08,19398.205621709472
2016-09-09,19744.705621709487
2016-09-12,17382.205621709487
2016-09-13,19969.705621709487
2016-09-14,18462.20562170947
2016-09-15,18439.70562170947
2016-09-16,19180.705621709443
2016-09-19,18778.20562170941
2016-09-20,19698.20562170941
2016-09-21,19583.20562170942
2016-09-22,22745.705621709407
2016-09-23,22426.705621709407
2016-09-26,22696.705621709418
2016-09-27,25036.705621709407
2016-09-28,22854.20562170941
2016-09-29,22719.205621709425
2016-09-30,22367.31644000013
2016-10-03,22367.31644000013
2016-10-04,22367.31644000013
2016-10-05,22367.31644000013
2016-10-06,22367.31644000013
2016-10-07,21774.848505811267
2016-10-10,22930.848505811267
2016-10-11,20669.848505811267
2016-10-12,20219.348505811267
2016-10-13,19641.348505811267
2016-10-14,19827.58850581127
2016-10-17,20570.08850581127
2016-10-18,19490.08850581127
2016-10-19,19557.58850581127
2016-10-20,20232.58850581127
2016-10-21,20137.826828832163
2016-10-24,20137.826828832163
2016-10-25,20137.826828832163
2016-10-26,20137.826828832163
2016-10-27,20137.826828832163
2016-10-28,19710.490419263395
2016-10-31,19980.49041926338
2016-11-01,26370.4904192634
2016-11-02,27000.49041926337
2016-11-03,23820.4904192634
2016-11-04,24094.49041926341
2016-11-07,25774.490419263402
2016-11-08,24254.49041926339
2016-11-09,22894.490419263435
2016-11-10,24574.490419263428
2016-11-11,23896.4904192634
2016-11-14,24226.49041926337
2016-11-15,24916.490419263424
2016-11-16,24526.49041926337
2016-11-17,24436.490419263384
2016-11-18,24308.090419263383
2016-11-21,25268.09041926342
2016-11-22,26468.09041926342
2016-11-23,27348.090419263346
2016-11-24,27348.090419263346
2016-11-25,27589.690419263345
2016-11-28,26749.69041926338
2016-11-29,26829.6904192634
2016-11-30,29109.690419263417
2016-12-01,29109.690419263417
2016-12-02,29739.69041926347
2016-12-05,27639.69041926346
2016-12-06,27039.69041926351
2016-12-07,27139.69041926349
2016-12-08,27439.6904192635
2016-12-09,26829.690419263537
2016-12-12,26269.6904192635
2016-12-13,25829.690419263537
2016-12-14,23149.69041926352
2016-12-15,24709.690419263556
2016-12-16,26015.690419263592
2016-12-19,26415.69041926357
2016-12-20,24615.690419263614
2016-12-21,25465.690419263636
2016-12-22,25115.690419263614
2016-12-23,23843.290419263612
2016-12-26,23843.290419263612
2016-12-27,23363.29041926364
2016-12-28,25563.29041926364
2016-12-29,26163.29041926364
2016-12-30,26106.44998909924
2017-01-02,26106.44998909924
2017-01-03,26106.44998909924
2017-01-04,26106.44998909924
2017-01-05,26106.44998909924
2017-01-06,25686.130094117892
2017-01-09,25686.130094117892
2017-01-10,26076.130094117892
2017-01-11,25198.630094117892
2017-01-12,22176.130094117892
2017-01-13,21505.180094117903
2017-01-16,20455.180094117903
2017-01-17,17410.180094117888
2017-01-18,17830.180094117888
2017-01-19,17305.1800941179
2017-01-20,16638.030094117938
2017-01-23,16958.03009411792
2017-01-24,15438.030094117938
2017-01-25,15838.030094117938
2017-01-26,13918.030094117956
2017-01-27,14485.030094117956
2017-01-30,12925.030094117956
2017-01-31,12665.030094117956
2017-02-01,13965.030094117956
2017-02-02,13285.030094117956
2017-02-03,13151.627748127206
2017-02-06,13151.627748127206
2017-02-07,13151.627748127206
2017-02-08,13151.627748127206
2017-02-09,13151.627748127206
2017-02-10,12822.313402576607
2017-02-13,13504.813402576607
2017-02-14,14967.313402576607
2017-02-15,15259.813402576607
2017-02-16,13114.813402576607
2017-02-17,14476.093402576607
2017-02-20,15304.093402576607
2017-02-21,15640.093402576607
2017-02-22,15664.093402576607
2017-02-23,14860.093402576607
2017-02-24,14748.277796916957
2017-02-27,14748.277796916957
2017-02-28,14748.277796916957
2017-03-01,14748.277796916957
2017-03-02,14748.277796916957
2017-03-03,14624.241907553307
2017-03-06,14030.491907553307
2017-03-07,13341.741907553307
2017-03-08,12937.991907553307
2017-03-09,13056.741907553307
2017-03-10,13028.508808116607
2017-03-13,13028.508808116607
2017-03-14,13028.508808116607
2017-03-15,13028.508808116607
2017-03-16,13028.508808116607
2017-03-17,13028.508808116607
2017-03-20,13028.508808116607
2017-03-21,13028.508808116607
2017-03-22,13028.508808116607
2017-03-23,13028.508808116607
2017-03-24,13028.508808116607
2017-03-27,13028.508808116607
2017-03-28,13028.508808116607
2017-03-29,13028.508808116607
2017-03-30,13028.508808116607
2017-03-31,13025.837582449607
2017-04-03,13025.837582449607
2017-04-04,13025.837582449607
2017-04-05,13025.837582449607
2017-04-06,13025.837582449607
2017-04-07,13025.837582449607
2017-04-10,13025.837582449607
2017-04-11,13025.837582449607
2017-04-12,13025.837582449607
2017-04-13,13025.837582449607
2017-04-14,12888.429900805731
2017-04-17,12888.429900805731
2017-04-18,12888.429900805731
2017-04-19,12888.429900805731
2017-04-20,12888.429900805731
2017-04-21,12748.060145775882
2017-04-24,12748.060145775882
2017-04-25,12748.060145775882
2017-04-26,12748.060145775882
2017-04-27,12748.060145775882
2017-04-28,12742.628019849883
2017-05-01,12742.628019849883
2017-05-02,12742.628019849883
2017-05-03,12742.628019849883
2017-05-04,12742.628019849883
2017-05-05,12709.573614697072
2017-05-08,12709.573614697072
2017-05-09,12709.573614697072
2017-05-10,12709.573614697072
2017-05-11,12709.573614697072
2017-05-12,12676.870088820142
2017-05-15,12676.870088820142
2017-05-16,12676.870088820142
2017-05-17,12676.870088820142
2017-05-18,12676.870088820142
2017-05-19,12606.965667693405
2017-05-22,12606.965667693405
2017-05-23,12606.965667693405
2017-05-24,12606.965667693405
2017-05-25,12606.965667693405
2017-05-26,12609.323425891413
2017-05-29,12757.823425891413
2017-05-30,12654.323425891413
2017-05-31,13086.323425891413
2017-06-01,13698.323425891413
2017-06-02,13697.363425891413
2017-06-05,13637.363425891413
2017-06-06,12967.363425891413
2017-06-07,13557.363425891413
2017-06-08,13877.363425891413
2017-06-09,13825.484860603965
2017-06-12,13825.484860603965
2017-06-13,13825.484860603965
2017-06-14,13825.484860603965
2017-06-15,13825.484860603965
2017-06-16,16224.949558108048
2017-06-19,15314.949558108048
2017-06-20,18324.94955810805
2017-06-21,17344.94955810805
2017-06-22,14544.949558108048
2017-06-23,14453.610390042259
2017-06-26,14453.610390042259
2017-06-27,14453.610390042259
2017-06-28,14453.610390042259
2017-06-29,14453.610390042259
2017-06-30,17692.754280601937
2017-07-03,27292.754280601937
2017-07-04,27292.754280601937
2017-07-05,32917.754280601934
2017-07-06,28942.754280601934
2017-07-07,28879.906602134302
2017-07-10,28879.906602134302
2017-07-11,28879.906602134302
2017-07-12,28879.906602134302
2017-07-13,28879.906602134302
2017-07-14,28879.906602134302
2017-07-17,28879.906602134302
2017-07-18,28879.906602134302
2017-07-19,28879.906602134302
2017-07-20,28879.906602134302
2017-07-21,29854.891185243916
2017-07-24,30934.89118524389
2017-07-25,30394.891185243905
2017-07-26,31594.891185243905
2017-07-27,30334.89118524389
2017-07-28,29975.81702299871
2017-07-31,29975.81702299871
2017-08-01,29975.81702299871
2017-08-02,29975.81702299871
2017-08-03,29975.81702299871
2017-08-04,29468.974748333054
2017-08-07,30083.974748333007
2017-08-08,30563.974748333047
2017-08-09,31238.974748333047
2017-08-10,32228.974748333032
2017-08-11,32169.992639072487
2017-08-14,32169.992639072487
2017-08-15,32169.992639072487
2017-08-16,32169.992639072487
2017-08-17,32169.992639072487
2017-08-18,31573.304395854935
2017-08-21,32679.304395854946
2017-08-22,31643.30439585493
2017-08-23,32483.30439585493
2017-08-24,31783.30439585493
2017-08-25,31644.11079626598
2017-08-28,31644.11079626598
2017-08-29,31644.11079626598
2017-08-30,31644.11079626598
2017-08-31,31644.11079626598
2017-09-01,31644.11079626598
2017-09-04,31644.11079626598
2017-09-05,31644.11079626598
2017-09-06,31644.11079626598
2017-09-07,31644.11079626598
2017-09-08,32274.798374288875
2017-09-11,34754.79837428889
2017-09-12,35434.79837428886
2017-09-13,34354.79837428889
2017-09-14,34754.79837428889
2017-09-15,33634.79837428886
2017-09-18,33554.79837428889
2017-09-19,31074.798374288872
2017-09-20,31354.79837428889
2017-09-21,29594.798374288854
2017-09-22,29461.992911660258
2017-09-25,29461.992911660258
2017-09-26,29461.992911660258
2017-09-27,29461.992911660258
2017-09-28,29461.992911660258
2017-09-29,29461.992911660258
2017-10-02,29461.992911660258
2017-10-03,29461.992911660258
2017-10-04,29461.992911660258
2017-10-05,29461.992911660258
2017-10-06,28496.72401156382
2017-10-09,27559.22401156382
2017-10-10,28834.224011563812
2017-10-11,28271.724011563812
2017-10-12,26434.22401156382
2017-10-13,26329.25595264987
2017-10-16,26329.25595264987
2017-10-17,26329.25595264987
2017-10-18,26329.25595264987
2017-10-19,26329.25595264987
2017-10-20,26329.25595264987
2017-10-23,26329.25595264987
2017-10-24,26329.25595264987
2017-10-25,26329.25595264987
2017-10-26,26329.25595264987
2017-10-27,26329.25595264987
2017-10-30,26329.25595264987
2017-10-31,26329.25595264987
2017-11-01,26329.25595264987
2017-11-02,26329.25595264987
2017-11-03,26329.25595264987
2017-11-06,26329.25595264987
2017-11-07,26329.25595264987
2017-11-08,26329.25595264987
2017-11-09,26329.25595264987
2017-11-10,26327.1390837814
2017-11-13,26327.1390837814
2017-11-14,26327.1390837814
2017-11-15,26327.1390837814
2017-11-16,26327.1390837814
2017-11-17,25231.030894761247
2017-11-20,25358.530894761247
2017-11-21,27509.030894761247
2017-11-22,27806.530894761247
2017-11-23,27700.280894761247
2017-11-24,28253.300894761247
2017-11-27,28190.300894761247
2017-11-28,28469.300894761247
2017-11-29,28469.300894761247
2017-11-30,26066.300894761247
2017-12-01,26045.578020656867
2017-12-04,26045.578020656867
2017-12-05,26045.578020656867
2017-12-06,26045.578020656867
2017-12-07,26045.578020656867
2017-12-08,25909.953083912802
2017-12-11,25909.953083912802
2017-12-12,25909.953083912802
2017-12-13,25909.953083912802
2017-12-14,25909.953083912802
2017-12-15,25775.639497186265
2017-12-18,25775.639497186265
2017-12-19,25775.639497186265
2017-12-20,25775.639497186265
2017-12-21,25775.639497186265
2017-12-22,25775.639497186265
2017-12-25,25775.639497186265
2017-12-26,25775.639497186265
2017-12-27,25775.639497186265
2017-12-28,25775.639497186265
2017-12-29,26765.00826783037
2018-01-01,26765.00826783037
2018-01-02,28115.008267830362
2018-01-03,28665.00826783033
2018-01-04,27965.00826783034
2018-01-05,29165.008267830388
2018-01-08,29515.008267830297
2018-01-09,28865.00826783032
2018-01-10,26915.008267830388
2018-01-11,30915.008267830388
2018-01-12,30754.226015578293
2018-01-15,30754.226015578293
2018-01-16,30754.226015578293
2018-01-17,30754.226015578293
2018-01-18,30754.226015578293
2018-01-19,30763.417736958043
2018-01-22,34003.41773695805
2018-01-23,35283.41773695807
2018-01-24,33243.417736958065
2018-01-25,32523.417736958036
2018-01-26,35023.41773695811
2018-01-29,34363.41773695803
2018-01-30,29083.417736958058
2018-01-31,24793.417736958036
2018-02-01,24613.41773695803
2018-02-02,26070.41773695803
2018-02-05,25720.41773695803
2018-02-06,25370.41773695803
2018-02-07,21940.41773695803
2018-02-08,24600.41773695803
2018-02-09,22246.61773695803
2018-02-12,25576.61773695803
2018-02-13,26296.61773695803
2018-02-14,24946.61773695803
2018-02-15,25216.61773695803
2018-02-16,23381.81773695803
2018-02-19,23381.81773695803
2018-02-20,25241.81773695803
2018-02-21,25421.81773695803
2018-02-22,25181.81773695803
2018-02-23,25240.61773695801
2018-02-26,24080.617736957975
2018-02-27,23360.617736957993
2018-02-28,21480.617736957975
2018-03-01,20360.617736957993
2018-03-02,20068.41933695799
2018-03-05,20068.41933695799
2018-03-06,20068.41933695799
2018-03-07,20068.41933695799
2018-03-08,20068.41933695799
2018-03-09,20024.099336957992
2018-03-12,20024.099336957992
2018-03-13,20024.099336957992
2018-03-14,20024.099336957992
2018-03-15,20024.099336957992
2018-03-16,19774.609843233167
2018-03-19,19774.609843233167
2018-03-20,19774.609843233167
2018-03-21,19774.609843233167
2018-03-22,19774.609843233167
2018-03-23,19619.773977234894
2018-03-26,19619.773977234894
2018-03-27,19619.773977234894
2018-03-28,19619.773977234894
2018-03-29,19619.773977234894
2018-03-30,19454.875512234896
2018-04-02,19454.875512234896
2018-04-03,19454.875512234896
2018-04-04,19454.875512234896
2018-04-05,19454.875512234896
2018-04-06,20967.506952234857
2018-04-09,22287.506952234766
2018-04-10,22527.50695223474
2018-04-11,21087.506952234846
2018-04-12,20967.50695223486
2018-04-13,20580.25117723486
2018-04-16,20580.25117723486
2018-04-17,20580.25117723486
2018-04-18,20580.25117723486
2018-04-19,20580.25117723486
2018-04-20,20553.641487234858
2018-04-23,20553.641487234858
2018-04-24,20553.641487234858
2018-04-25,20553.641487234858
2018-04-26,20553.641487234858
2018-04-27,21424.034097234875
2018-04-30,22474.034097234857
2018-05-01,24424.034097234875
2018-05-02,26524.034097234842
2018-05-03,25436.53409723485
2018-05-04,28661.534097234857
2018-05-07,30311.53409723485
2018-05-08,27124.03409723485
2018-05-09,32036.534097234857
2018-05-10,32786.53409723486
2018-05-11,32134.034097234857
2018-05-14,32014.034097234864
2018-05-15,30034.034097234857
2018-05-16,30904.034097234886
2018-05-17,29794.03409723487
2018-05-18,29535.46640723487
2018-05-21,29535.46640723487
2018-05-22,29535.46640723487
2018-05-23,29535.46640723487
2018-05-24,29535.46640723487
2018-05-25,29264.385932234873
2018-05-28,29264.385932234873
2018-05-29,29264.385932234873
2018-05-30,29264.385932234873
2018-05-31,29264.385932234873
2018-06-01,26473.671957234856
2018-06-04,20224.071957234864
2018-06-05,21736.071957234868
2018-06-06,23147.271957234872
2018-06-07,18913.671957234856
2018-06-08,19853.511957234856
2018-06-11,20297.511957234856
2018-06-12,22205.511957234856
2018-06-13,21995.511957234856
2018-06-14,23663.511957234856
2018-06-15,23603.464757234855
2018-06-18,23603.464757234855
2018-06-19,23603.464757234855
2018-06-20,23603.464757234855
2018-06-21,23603.464757234855
2018-06-22,23424.194708234856
2018-06-25,23424.194708234856
2018-06-26,23424.194708234856
2018-06-27,23424.194708234856
2018-06-28,23424.194708234856
2018-06-29,23259.410828234857
2018-07-02,23259.410828234857
2018-07-03,23259.410828234857
2018-07-04,23259.410828234857
2018-07-05,23259.410828234857
2018-07-06,23927.583068234842
2018-07-09,24287.583068234857
2018-07-10,22097.583068234835
2018-07-11,22787.583068234857
2018-07-12,23177.583068234842
2018-07-13,22859.583068234857
2018-07-16,21209.583068234857
2018-07-17,22619.58306823487
2018-07-18,22769.58306823487
2018-07-19,21299.583068234846
2018-07-20,21176.744068234846
2018-07-23,21176.744068234846
2018-07-24,21176.744068234846
2018-07-25,21176.744068234846
2018-07-26,21176.744068234846
2018-07-27,20453.976568234844
2018-07-30,18413.97656823486
2018-07-31,23393.976568234866
2018-08-01,20213.97656823486
2018-08-02,19883.97656823485
2018-08-03,21697.97656823485
2018-08-06,22597.97656823485
2018-08-07,26497.97656823485
2018-08-08,25097.97656823485
2018-08-09,26897.97656823485
2018-08-10,26081.976568234786
2018-08-13,25761.97656823485
2018-08-14,27401.97656823486
2018-08-15,24721.97656823484
2018-08-16,25681.976568234786
2018-08-17,26441.97656823477
2018-08-20,27401.976568234786
2018-08-21,27461.9765682348
2018-08-22,27731.976568234793
2018-08-23,27311.9765682348
2018-08-24,27785.9765682348
2018-08-27,27265.9765682348
2018-08-28,26105.9765682348
2018-08-29,27585.9765682348
2018-08-30,24585.9765682348
2018-08-31,25029.976568234782
2018-09-03,25029.976568234782
2018-09-04,22189.97656823491
2018-09-05,23149.976568234855
2018-09-06,23149.976568234855
2018-09-07,24299.576568234843
2018-09-10,22949.576568234843
2018-09-11,21029.576568234883
2018-09-12,22859.576568234857
2018-09-13,23429.576568234887
2018-09-14,18884.376568234886
2018-09-17,16644.376568234886
2018-09-18,15569.176568234892
2018-09-19,17092.376568234893
2018-09-20,16823.576568234897
2018-09-21,17018.77656823487
2018-09-24,17558.776568234924
2018-09-25,16688.776568234898
2018-09-26,17198.776568234844
2018-09-27,18578.776568235022
2018-09-28,18476.81510876106
2018-10-01,18476.81510876106
2018-10-02,18476.81510876106
2018-10-03,18476.81510876106
2018-10-04,18476.81510876106
2018-10-05,20150.457330270106
2018-10-08,22580.857330270126
2018-10-09,23129.65733027013
2018-10-10,21796.85733027013
2018-10-11,22580.857330270126
2018-10-12,22541.65733027012
2018-10-15,25621.65733027013
2018-10-16,23581.65733027012
2018-10-17,27901.657330270125
2018-10-18,28261.65733027013
2018-10-19,29660.05733027016
2018-10-22,29301.657330270165
2018-10-23,28943.25733027017
2018-10-24,30108.05733027013
2018-10-25,29122.457330270136
2018-10-26,29045.587955270137
2018-10-29,29045.587955270137
2018-10-30,29045.587955270137
2018-10-31,29045.587955270137
2018-11-01,29045.587955270137
2018-11-02,30329.176705270136
2018-11-05,30029.176705270136
2018-11-06,30679.176705270136
2018-11-07,30779.176705270136
2018-11-08,29779.176705270136
2018-11-09,29813.376705270137
2018-11-12,30940.876705270137
2018-11-13,25000.876705270137
2018-11-14,24313.376705270137
2018-11-15,24863.376705270137
2018-11-16,24829.829755270137
2018-11-19,24829.829755270137
2018-11-20,24829.829755270137
2018-11-21,24829.829755270137
2018-11-22,24829.829755270137
2018-11-23,24736.213255270137
2018-11-26,24736.213255270137
2018-11-27,23961.213255270137
2018-11-28,22411.213255270137
2018-11-29,22876.213255270155
2018-11-30,22759.038208270154
2018-12-03,22759.038208270154
2018-12-04,22759.038208270154
2018-12-05,22759.038208270154
2018-12-06,22759.038208270154
2018-12-07,22690.546613270155
2018-12-10,22690.546613270155
2018-12-11,22690.546613270155
2018-12-12,22690.546613270155
2018-12-13,22690.546613270155
2018-12-14,22120.376613270157
2018-12-17,22220.376613270157
2018-12-18,25720.376613270157
2018-12-19,26370.376613270157
2018-12-20,24070.376613270157
2018-12-21,23827.376613270157
2018-12-24,23827.376613270157
2018-12-25,23827.376613270157
2018-12-26,22827.376613270157
2018-12-27,23527.376613270146
2018-12-28,23524.976613270144
2018-12-31,23524.976613270144
2019-01-01,22308.97661327013
2019-01-02,23429.976613270148
2019-01-03,23657.97661327013
2019-01-04,23730.044971270137
2019-01-07,23730.044971270137
2019-01-08,23730.044971270137
2019-01-09,23730.044971270137
2019-01-10,23730.044971270137
2019-01-11,23554.417800270137
2019-01-14,23554.417800270137
2019-01-15,23554.417800270137
2019-01-16,23554.417800270137
2019-01-17,23554.417800270137
2019-01-18,26552.830475270137
2019-01-21,26222.830475270137
2019-01-22,24682.830475270137
2019-01-23,23252.830475270137
2019-01-24,23087.830475270137
2019-01-25,22991.397555270138
2019-01-28,22991.397555270138
2019-01-29,22991.397555270138
2019-01-30,22991.397555270138
2019-01-31,22991.397555270138
2019-02-01,22636.823522770137
2019-02-04,22636.823522770137
2019-02-05,22636.823522770137
2019-02-06,22636.823522770137
2019-02-07,22636.823522770137
2019-02-08,22183.169014270137
2019-02-11,22183.169014270137
2019-02-12,22183.169014270137
2019-02-13,22183.169014270137
2019-02-14,22183.169014270137
2019-02-15,21966.64822327014
2019-02-18,21966.64822327014
2019-02-19,21966.64822327014
2019-02-20,21966.64822327014
2019-02-21,21966.64822327014
2019-02-22,21760.40292327014
2019-02-25,21760.40292327014
2019-02-26,21760.40292327014
2019-02-27,21760.40292327014
2019-02-28,21760.40292327014
2019-03-01,21536.919849020138
2019-03-04,21536.919849020138
2019-03-05,21536.919849020138
2019-03-06,21536.919849020138
2019-03-07,21536.919849020138
2019-03-08,21454.281275520138
2019-03-11,21454.281275520138
2019-03-12,21454.281275520138
2019-03-13,21454.281275520138
2019-03-14,21454.281275520138
2019-03-15,21404.207840520132
2019-03-18,22670.20784052014
2019-03-19,21950.207840520216
2019-03-20,25874.20784052016
2019-03-21,31274.20784052016
2019-03-22,29559.80784052016
2019-03-25,29839.80784052016
2019-03-26,30819.807840520145
2019-03-27,30399.80784052016
2019-03-28,29979.807840520145
2019-03-29,29393.969440520144
2019-04-01,29393.969440520144
2019-04-02,29393.969440520144
2019-04-03,29393.969440520144
2019-04-04,29393.969440520144
2019-04-05,29352.251040520143
2019-04-08,29352.251040520143
2019-04-09,29352.251040520143
2019-04-10,29352.251040520143
2019-04-11,29352.251040520143
2019-04-12,28967.484420520144
2019-04-15,28967.484420520144
2019-04-16,28967.484420520144
2019-04-17,28967.484420520144
2019-04-18,28967.484420520144
2019-04-19,28885.486500520143
2019-04-22,28885.486500520143
2019-04-23,28885.486500520143
2019-04-24,28885.486500520143
2019-04-25,28885.486500520143
2019-04-26,28961.377380520156
2019-04-29,27881.377380520167
2019-04-30,26441.377380520167
2019-05-01,26921.377380520167
2019-05-02,28241.37738052018
2019-05-03,31357.377380520185
2019-05-06,32317.37738052008
2019-05-07,31517.377380520167
2019-05-08,29277.377380520058
2019-05-09,29117.377380520076
2019-05-10,28449.944880520077
2019-05-13,28449.944880520077
2019-05-14,28449.944880520077
2019-05-15,28449.944880520077
2019-05-16,28449.944880520077
2019-05-17,28066.779160520076
2019-05-20,28066.779160520076
2019-05-21,28066.779160520076
2019-05-22,28066.779160520076
2019-05-23,28066.779160520076
2019-05-24,27987.125800520076
2019-05-27,27987.125800520076
2019-05-28,27987.125800520076
2019-05-29,27987.125800520076
2019-05-30,27987.125800520076
2019-05-31,27073.861800520077
2019-06-03,28048.861800520077
2019-06-04,28536.361800520077
2019-06-05,27036.361800520077
2019-06-06,25198.861800520077
2019-06-07,25141.521800520077
2019-06-10,25141.521800520077
2019-06-11,25141.521800520077
2019-06-12,25141.521800520077
2019-06-13,25141.521800520077
2019-06-14,24990.041800520037
2019-06-17,23670.041800520077
2019-06-18,24810.041800520063
2019-06-19,24030.04180052009
2019-06-20,26370.041800520077
2019-06-21,26100.041800520085
2019-06-24,24780.041800520055
2019-06-25,21960.041800520063
2019-06-26,18060.041800520063
2019-06-27,20580.041800520055
2019-06-28,21510.041800520026
2019-07-01,22350.04180052001
2019-07-02,22230.04180052005
2019-07-03,23160.041800520026
2019-07-04,23160.041800520026
2019-07-05,23043.099400520026
2019-07-08,23043.099400520026
2019-07-09,23043.099400520026
2019-07-10,23043.099400520026
2019-07-11,23043.099400520026
2019-07-12,23080.049000520045
2019-07-15,22480.049000520023
2019-07-16,20480.049000520023
2019-07-17,20880.04900052003
2019-07-18,19080.049000520048
2019-07-19,18795.24528052005
2019-07-22,18795.24528052005
2019-07-23,18795.24528052005
2019-07-24,18795.24528052005
2019-07-25,18795.24528052005
2019-07-26,18503.05026052005
2019-07-29,18503.05026052005
2019-07-30,18503.05026052005
2019-07-31,18503.05026052005
2019-08-01,18503.05026052005
2019-08-02,18334.32326052005
2019-08-05,18334.32326052005
2019-08-06,18334.32326052005
2019-08-07,18334.32326052005
2019-08-08,18334.32326052005
2019-08-09,18060.24926052006
2019-08-12,18010.24926052005
2019-08-13,17610.24926052007
2019-08-14,14710.249260520066
2019-08-15,16660.249260520053
2019-08-16,16589.289160520053
2019-08-19,16589.289160520053
2019-08-20,16589.289160520053
2019-08-21,16589.289160520053
2019-08-22,16589.289160520053
2019-08-23,14048.227000520073
2019-08-26,15068.227000520066
2019-08-27,14408.227000520052
2019-08-28,14468.227000520066
2019-08-29,16388.22700052006
2019-08-30,16297.832000520059
2019-09-02,16297.832000520059
2019-09-03,16297.832000520059
2019-09-04,16297.832000520059
2019-09-05,16297.832000520059
2019-09-06,16127.112200520058
2019-09-09,16127.112200520058
2019-09-10,16127.112200520058
2019-09-11,16127.112200520058
2019-09-12,16127.112200520058
2019-09-13,15274.589400520113
2019-09-16,18974.58940052006
2019-09-17,13274.589400520112
2019-09-18,12174.589400520099
2019-09-19,13274.589400520112
2019-09-20,13232.589400520112
2019-09-23,12432.589400520112
2019-09-24,11072.589400520112
2019-09-25,13232.589400520112
2019-09-26,15232.589400520112
2019-09-27,14566.666200520112
2019-09-30,14566.666200520112
2019-10-01,14566.666200520112
2019-10-02,14566.666200520112
2019-10-03,14566.666200520112
2019-10-04,11278.475800520113
2019-10-07,8338.475800520113
2019-10-08,9808.475800520113
2019-10-09,6868.475800520113
2019-10-10,10298.475800520113
2019-10-11,10687.87580052014
2019-10-14,13807.875800520098
2019-10-15,13807.875800520098
2019-10-16,15307.875800520098
2019-10-17,15787.875800520138
2019-10-18,15578.27580052015
2019-10-21,16078.27580052015
2019-10-22,15728.275800520129
2019-10-23,19078.27580052015
2019-10-24,18178.275800520172
2019-10-25,18620.27580052014
2019-10-28,19520.275800520172
2019-10-29,22620.27580052014
2019-10-30,27220.27580052017
2019-10-31,28720.275800520136
2019-11-01,29398.27580052016
2019-11-04,29318.275800520205
2019-11-05,29798.27580052015
2019-11-06,44278.275800520154
2019-11-07,27638.275800520212
2019-11-08,27326.62580052021
2019-11-11,27326.62580052021
2019-11-12,27326.62580052021
2019-11-13,27326.62580052021
2019-11-14,27326.62580052021
2019-11-15,28209.34890052021
2019-11-18,27369.34890052021
2019-11-19,26229.34890052021
2019-11-20,24669.34890052021
2019-11-21,25269.34890052021
2019-11-22,24975.348900520246
2019-11-25,25215.348900520243
2019-11-26,28215.348900520243
2019-11-27,29175.34890052018
2019-11-28,29175.34890052018
2019-11-29,29535.34890052018
2019-12-02,27345.348900520265
2019-12-03,26655.34890052014
2019-12-04,29265.34890052022
2019-12-05,29115.34890052022
2019-12-06,29014.315077254487
2019-12-09,29290.666319683613
2019-12-10,29267.67189353251
2019-12-11,28830.123820816632
2019-12-12,28852.995287746777
2019-12-13,27195.616983620283
2019-12-16,24686.81698362028
2019-12-17,24216.41698362029
2019-12-18,26411.616983620297
2019-12-19,28606.81698362028
2019-12-20,28828.416983620333
2019-12-23,29668.416983620184
2019-12-24,29548.416983620362
2019-12-25,29548.416983620362
2019-12-26,29098.416983620362
2019-12-27,29263.416983620307
2019-12-30,27403.416983620362
2019-12-31,28483.416983620402
2020-01-01,28483.416983620402
2020-01-02,33313.41698362031
2020-01-03,33315.39914362037
2020-01-06,29632.26914362037
2020-01-07,31508.875343620493
2020-01-08,33917.912543620434
2020-01-09,35783.64494362025
2020-01-10,35331.084943620255
2020-01-13,35331.084943620255
2020-01-14,35331.084943620255
2020-01-15,35331.084943620255
2020-01-16,35331.084943620255
2020-01-17,34829.60351862026
2020-01-20,34829.60351862026
2020-01-21,34829.60351862026
2020-01-22,34829.60351862026
2020-01-23,34829.60351862026
2020-01-24,34797.546193620256
2020-01-27,34797.546193620256
2020-01-28,34797.546193620256
2020-01-29,34797.546193620256
2020-01-30,34797.546193620256
2020-01-31,36736.30133112044
2020-02-03,36680.84108112049
2020-02-04,33860.54308112054
2020-02-05,30933.803581120374
2020-02-06,31868.57083112046
2020-02-07,31637.92573112046
2020-02-10,31637.92573112046
2020-02-11,31637.92573112046
2020-02-12,31637.92573112046
2020-02-13,31637.92573112046
2020-02-14,28649.284501120477
2020-02-17,28649.284501120477
2020-02-18,32709.284501120484
2020-02-19,29209.284501120484
2020-02-20,31589.28450112047
2020-02-21,29323.779501120574
2020-02-24,32058.760701120307
2020-02-25,33100.65830112047
2020-02-26,31598.976801120352
2020-02-27,33231.35180112035
2020-02-28,30702.491061120352
2020-03-02,31727.923011120354
2020-03-03,35524.48061112036
2020-03-04,34139.01621112035
2020-03-05,43114.148611120356
2020-03-06,47763.78024112036
2020-03-09,62475.08124112033
2020-03-10,59076.27264112031
2020-03-11,68382.97389112032
2020-03-12,89580.80934112027
2020-03-13,91471.68102712027
2020-03-16,106316.32017712027
2020-03-17,103362.48715212027
2020-03-18,114794.85617712028
2020-03-19,114134.56220212027
2020-03-20,114221.98612712027
2020-03-23,111058.27892712026
2020-03-24,108592.67662712027
2020-03-25,110167.73192712026
2020-03-26,108861.80792712026
2020-03-27,103514.68096112015
2020-03-30,97764.1627611202
2020-03-31,96505.06126112027
2020-04-01,96273.15316112024
2020-04-02,98016.2542611201
2020-04-03,97923.73500362011
2020-04-06,99483.73500362011
2020-04-07,99363.73500362011
2020-04-08,96903.73500362011
2020-04-09,96453.73500362011
2020-04-10,96362.49978762011
2020-04-13,96362.49978762011
2020-04-14,94847.1286876201
2020-04-15,87028.6922876201
2020-04-16,87465.1382876201
2020-04-17,87440.14041562009
2020-04-20,87646.14041562009
2020-04-21,86666.14041562009
2020-04-22,85406.14041562009
2020-04-23,86450.14041562009
2020-04-24,94397.43038012004
2020-04-27,97157.17748012007
2020-04-28,97514.55428012011
2020-04-29,97417.4235801201
2020-04-30,96503.9235801201
2020-05-01,96452.0355201201
2020-05-04,96713.80232012011
2020-05-05,97237.33592012014
2020-05-06,91730.66672011997
2020-05-07,95357.51792012011
2020-05-08,92599.31628812013
2020-05-11,90259.31628812013
2020-05-12,90214.31628812011
2020-05-13,92419.31628812011
2020-05-14,93949.3162881201
2020-05-15,97627.31628812007
2020-05-18,99914.81628812008
2020-05-19,99914.81628812008
2020-05-20,99052.3162881201
2020-05-21,100252.31628812011
2020-05-22,101639.81628812013
2020-05-25,101639.81628812013
2020-05-26,102952.31628812013
2020-05-27,103402.3162881201
2020-05-28,101789.81628812011
2020-05-29,101098.57119062012
2020-06-01,101098.57119062012
2020-06-02,101098.57119062012
2020-06-03,101098.57119062012
2020-06-04,101098.57119062012
2020-06-05,104002.32962812012
2020-06-08,101852.32962812012
2020-06-09,103352.32962812012
2020-06-10,106002.32962812012
2020-06-11,102702.32962812013
2020-06-12,102213.52962812012
2020-06-15,101553.52962812012
2020-06-16,101733.52962812013
2020-06-17,101793.52962812012
2020-06-18,101913.52962812012
2020-06-19,101844.38910812011
2020-06-22,101844.38910812011
2020-06-23,101844.38910812011
2020-06-24,101844.38910812011
2020-06-25,101844.38910812011
2020-06-26,101844.38910812011
2020-06-29,101844.38910812011
2020-06-30,101844.38910812011
2020-07-01,101844.38910812011
2020-07-02,101844.38910812011
2020-07-03,101657.25060062011
2020-07-06,101657.25060062011
2020-07-07,101657.25060062011
2020-07-08,101657.25060062011
2020-07-09,101657.25060062011
2020-07-10,103878.97994312011
2020-07-13,100483.97994312011
2020-07-14,101071.97994312011
2020-07-15,101722.97994312011
2020-07-16,99542.47994312011
2020-07-17,100100.71994312012
2020-07-20,99900.71994312012
2020-07-21,99180.71994312013
2020-07-22,98780.71994312013
2020-07-23,97060.7199431201
2020-07-24,96993.0714371201
2020-07-27,96993.0714371201
2020-07-28,96993.0714371201
2020-07-29,96993.0714371201
2020-07-30,96993.0714371201
2020-07-31,96985.61088262011
2020-08-03,96985.61088262011
2020-08-04,96985.61088262011
2020-08-05,96985.61088262011
2020-08-06,96985.61088262011
2020-08-07,98215.19943512011
2020-08-10,94295.19943512011
2020-08-11,92335.19943512011
2020-08-12,93385.19943512011
2020-08-13,95555.19943512011
2020-08-14,95043.79943512012
2020-08-17,94603.79943512006
2020-08-18,95363.7994351201
2020-08-19,96203.79943512008
2020-08-20,94483.79943512009
2020-08-21,95647.07943512009
2020-08-24,96952.07943512009
2020-08-25,98792.57943512009
2020-08-26,103265.57943512009
2020-08-27,102577.07943512009
2020-08-28,103877.75943512008
2020-08-31,103002.75943512008
2020-09-01,102877.75943512008
2020-09-02,103002.75943512008
2020-09-03,100752.75943512008
2020-09-04,100624.18560812008
2020-09-07,100624.18560812008
2020-09-08,100624.18560812008
2020-09-09,100624.18560812008
2020-09-10,100624.18560812008
2020-09-11,101700.37825912009
2020-09-14,101395.37825912009
2020-09-15,99717.87825912009
2020-09-16,103072.87825912009
2020-09-17,104902.87825912009
2020-09-18,105670.27825912008
2020-09-21,101640.27825912008
2020-09-22,100990.27825912008
2020-09-23,100600.27825912008
2020-09-24,97870.27825912008
2020-09-25,98472.47825912008
2020-09-28,94062.4782591201
2020-09-29,96627.4782591201
2020-09-30,97302.4782591201
2020-10-01,97752.4782591201
2020-10-02,97632.89950712009
2020-10-05,97632.89950712009
2020-10-06,97632.89950712009
2020-10-07,97632.89950712009
2020-10-08,97632.89950712009
2020-10-09,98153.26619712012
2020-10-12,95128.26619712012
2020-10-13,97603.26619712012
2020-10-14,99033.2661971201
2020-10-15,98373.2661971201
2020-10-16,98137.2661971201
2020-10-19,101137.26619712009
2020-10-20,100777.26619712013
2020-10-21,96457.26619712013
2020-10-22,101137.2661971201
2020-10-23,102015.6661971201
2020-10-26,100530.6661971201
2020-10-27,99720.6661971201
2020-10-28,92160.6661971201
2020-10-29,89595.6661971201
2020-10-30,89478.0367371201
2020-11-02,89478.0367371201
2020-11-03,89478.0367371201
2020-11-04,89478.0367371201
2020-11-05,89478.0367371201
2020-11-06,90330.4147171201
2020-11-09,90205.4147171201
2020-11-10,94017.9147171201
2020-11-11,96455.4147171201
2020-11-12,96142.9147171201
2020-11-13,96084.4147171201
2020-11-16,97334.4147171201
2020-11-17,97684.4147171201
2020-11-18,97884.4147171201
2020-11-19,98384.4147171201
2020-11-20,100555.4147171201
2020-11-23,102455.4147171201
2020-11-24,101955.4147171201
2020-11-25,99755.4147171201
2020-11-26,99755.4147171201
2020-11-27,99551.20723220216
2020-11-30,98688.91112930149
2020-12-01,99110.41551677897
2020-12-02,99435.71677923489
2020-12-03,99570.38978835898
2020-12-04,99484.54136773333
2020-12-07,99484.54136773333
2020-12-08,99484.54136773333
2020-12-09,99484.54136773333
2020-12-10,99484.54136773333
2020-12-11,100611.91456773333
2020-12-14,100016.91456773331
2020-12-15,101015.66456773333
2020-12-16,102078.16456773333
2020-12-17,103926.91456773333
2020-12-18,107171.2951672789
2020-12-21,107981.81951418333
2020-12-22,111144.91656264938
2020-12-23,109371.79546653817
2020-12-24,108309.9169534041
2020-12-25,108196.9445462677
2020-12-28,110841.9445462677
2020-12-29,115211.9445462677
2020-12-30,118776.9445462677
2020-12-31,123376.9445462677
2021-01-01,123371.34454626769
2021-01-04,120851.34454626769
2021-01-05,124736.34454626769
2021-01-06,125891.34454626769
2021-01-07,125366.34454626769
2021-01-08,127297.54454626767
2021-01-11,120397.54454626767
2021-01-12,124822.54454626769
2021-01-13,123147.54454626769
2021-01-14,126197.54454626769
2021-01-15,126272.34454626769
2021-01-18,126272.34454626769
2021-01-19,125102.34454626769
2021-01-20,124427.34454626769
2021-01-21,124787.34454626769
2021-01-22,124310.3045462677
2021-01-25,126234.3045462677
2021-01-26,127462.3045462677
2021-01-27,119614.3045462677
2021-01-28,121054.3045462677
2021-01-29,122472.4645462677
2021-02-01,123022.4645462677
2021-02-02,121572.4645462677
2021-02-03,123372.4645462677
2021-02-04,122872.4645462677
2021-02-05,122767.8773462677
2021-02-08,122767.8773462677
2021-02-09,122767.8773462677
2021-02-10,122767.8773462677
2021-02-11,122767.8773462677
2021-02-12,122681.07215969797
2021-02-15,123801.16936135343
2021-02-16,124575.58347457844
2021-02-17,124348.99202368506
2021-02-18,123289.14371447432
2021-02-19,125035.05930039535
2021-02-22,126970.05930039535
2021-02-23,123370.05930039535
2021-02-24,125755.05930039535
2021-02-25,120940.05930039535
2021-02-26,121996.05930039535
2021-03-01,122716.05930039535
2021-03-02,123316.05930039535
2021-03-03,123916.05930039535
2021-03-04,120796.05930039535
2021-03-05,120252.02090039535
2021-03-08,120252.02090039535
2021-03-09,120252.02090039535
2021-03-10,120252.02090039535
2021-03-11,120252.02090039535
2021-03-12,120312.92330039536
2021-03-15,120352.92330039537
2021-03-16,123632.92330039537
2021-03-17,125752.92330039537
2021-03-18,121712.92330039536
2021-03-19,121676.90572770778
2021-03-22,121327.70039956964
2021-03-23,120756.95304272827
2021-03-24,119082.25025646453
2021-03-25,120163.3412421813
2021-03-26,120434.14592568733
2021-03-29,120104.14592568735
2021-03-30,121244.14592568733
2021-03-31,120404.14592568735
2021-04-01,121694.14592568733
2021-04-02,121665.29592568733
2021-04-05,122981.54592568733
2021-04-06,122737.79592568733
2021-04-07,123306.54592568733
2021-04-08,124785.29592568733
2021-04-09,126323.34592568733
2021-04-12,127003.34592568733
2021-04-13,127943.34592568733
2021-04-14,127063.34592568733
2021-04-15,130203.34592568733
2021-04-16,132427.34592568732
2021-04-19,130075.34592568732
2021-04-20,133916.94592568732
2021-04-21,135249.7459256873
2021-04-22,135406.5459256873
2021-04-23,136889.8459256873
2021-04-26,140952.3459256873
2021-04-27,139264.8459256873
2021-04-28,135327.3459256873
2021-04-29,135139.8459256873
2021-04-30,136664.8459256873
2021-05-03,136664.8459256873
2021-05-04,136664.8459256873
2021-05-05,136664.8459256873
2021-05-06,140477.3459256873
2021-05-07,141372.8459256873
2021-05-10,136022.8459256873
2021-05-11,136422.8459256873
2021-05-12,132222.8459256873
2021-05-13,125722.84592568729
2021-05-14,125420.18352568729
2021-05-17,125420.18352568729
2021-05-18,125420.18352568729
2021-05-19,125420.18352568729
2021-05-20,125420.18352568729
2021-05-21,125133.23002568728
2021-05-24,125196.7433456873
2021-05-25,125239.01274568729
2021-05-26,125071.9364506873
2021-05-27,125143.29679818728
2021-05-28,125049.97942068728
2021-05-31,125049.97942068728
2021-06-01,125049.97942068728
2021-06-02,125049.97942068728
2021-06-03,125049.97942068728
2021-06-04,125049.97942068728
2021-06-07,125049.97942068728
2021-06-08,125049.97942068728
2021-06-09,125049.97942068728
2021-06-10,125049.97942068728
2021-06-11,124736.57894068728
2021-06-14,122486.57894068728
2021-06-15,122674.07894068728
2021-06-16,117236.57894068728
2021-06-17,119392.82894068728
2021-06-18,119312.12639068728
2021-06-21,119312.12639068728
2021-06-22,119312.12639068728
2021-06-23,119312.12639068728
2021-06-24,119312.12639068728
2021-06-25,119086.13444068728
2021-06-28,122173.13444068728
2021-06-29,123604.13444068728
2021-06-30,123127.13444068728
2021-07-01,122830.13444068728
2021-07-02,124312.81444068727
2021-07-05,124312.81444068727
2021-07-06,123262.81444068727
2021-07-07,125612.81444068727
2021-07-08,121462.81444068727
2021-07-09,121120.56444068727
2021-07-12,121214.31444068727
2021-07-13,118683.06444068727
2021-07-14,121776.81444068727
2021-07-15,123464.31444068727
2021-07-16,121868.31444068727
2021-07-19,122018.31444068727
2021-07-20,125268.31444068727
2021-07-21,126518.31444068727
2021-07-22,126918.31444068727
2021-07-23,126931.31444068727
2021-07-26,127118.81444068727
2021-07-27,127831.31444068727
2021-07-28,127568.81444068727
2021-07-29,127081.31444068727
2021-07-30,126671.81444068729
2021-08-02,125271.81444068729
2021-08-03,124871.81444068729
2021-08-04,123271.81444068729
2021-08-05,124471.8144406873
2021-08-06,124298.5426956873
2021-08-09,124298.5426956873
2021-08-10,124298.5426956873
2021-08-11,124298.5426956873
2021-08-12,124298.5426956873
2021-08-13,128741.5779181873
2021-08-16,129781.57791818731
2021-08-17,130381.57791818731
2021-08-18,130621.57791818732
2021-08-19,126741.57791818731
2021-08-20,126312.8291181873
2021-08-23,126312.8291181873
2021-08-24,126312.8291181873
2021-08-25,126312.8291181873
2021-08-26,126312.8291181873
2021-08-27,125402.4707181873
2021-08-30,120782.47071818731
2021-08-31,119312.47071818731
2021-09-01,122732.47071818731
2021-09-02,122192.47071818731
2021-09-03,123404.4707181873
2021-09-06,123404.4707181873
2021-09-07,121804.4707181873
2021-09-08,122304.4707181873
2021-09-09,118204.4707181873
2021-09-10,118145.72969821953
2021-09-13,118618.792415419
2021-09-14,119093.00051069834
2021-09-15,118489.16616258785
2021-09-16,118397.95940599132
2021-09-17,118541.20355735805
2021-09-20,116441.20355735805
2021-09-21,117791.20355735805
2021-09-22,122391.20355735805
2021-09-23,124541.20355735805
2021-09-24,124403.72574135805
2021-09-27,124403.72574135805
2021-09-28,124403.72574135805
2021-09-29,124403.72574135805
2021-09-30,124403.72574135805
2021-10-01,126614.78098935806
2021-10-04,128314.78098935804
2021-10-05,129214.78098935804
2021-10-06,129814.78098935807
2021-10-07,131214.78098935803
2021-10-08,135816.78098935803
2021-10-11,139666.78098935803
2021-10-12,134666.78098935803
2021-10-13,131766.78098935803
2021-10-14,132316.78098935803
2021-10-15,132168.71413335804
2021-10-18,132168.71413335804
2021-10-19,132168.71413335804
2021-10-20,132168.71413335804
2021-10-21,132168.71413335804
2021-10-22,131518.401685358
2021-10-25,128558.40168535798
2021-10-26,127918.40168535803
2021-10-27,128318.401685358
2021-10-28,127918.40168535803
2021-10-29,127515.24537535802
2021-11-01,127515.24537535802
2021-11-02,127515.24537535802
2021-11-03,127515.24537535802
2021-11-04,127515.24537535802
2021-11-05,126285.46931535802
2021-11-08,125998.46931535802
2021-11-09,124237.96931535802
2021-11-10,121287.46931535802
2021-11-11,121994.46931535802
2021-11-12,123459.10931535802
2021-11-15,123459.10931535802
2021-11-16,121709.10931535802
2021-11-17,123959.10931535802
2021-11-18,125109.10931535802
2021-11-19,124730.74931535801
2021-11-22,122077.74931535801
2021-11-23,120667.24931535801
2021-11-24,121465.24931535801
2021-11-25,121465.24931535801
2021-11-26,123063.88931535798
2021-11-29,119263.88931535803
2021-11-30,116463.88931535801
2021-12-01,118063.88931535798
2021-12-02,119663.88931535801
2021-12-03,119575.14559535802
2021-12-06,119575.14559535802
2021-12-07,119575.14559535802
2021-12-08,119575.14559535802
2021-12-09,119575.14559535802
2021-12-10,119577.41671535803
2021-12-13,117927.41671535803
2021-12-14,121707.41671535802
2021-12-15,120147.41671535802
2021-12-16,119997.41671535802
2021-12-17,119620.31671535803
2021-12-20,118180.31671535803
2021-12-21,118900.31671535803
2021-12-22,120980.31671535801
2021-12-23,120980.31671535801
2021-12-24,120763.21671535801
2021-12-27,121003.21671535801
2021-12-28,121033.216715358
2021-12-29,120913.216715358
2021-12-30,119533.216715358
2021-12-31,118016.116715358
2022-01-03,117356.11671535799
2022-01-04,116156.11671535799
2022-01-05,113216.116715358
2022-01-06,108716.116715358
2022-01-07,108608.620189108
2022-01-10,108608.620189108
2022-01-11,108608.620189108
2022-01-12,108608.620189108
2022-01-13,108608.620189108
2022-01-14,110665.425632858
2022-01-17,110665.425632858
2022-01-18,108965.425632858
2022-01-19,110065.425632858
2022-01-20,109615.425632858
2022-01-21,108556.425632858
2022-01-24,107521.425632858
2022-01-25,107791.425632858
2022-01-26,110648.925632858
2022-01-27,111346.425632858
2022-01-28,111142.925632858
2022-01-31,113067.925632858
2022-02-01,117042.925632858
2022-02-02,118542.925632858
2022-02-03,117892.925632858
2022-02-04,119325.925632858
2022-02-07,121625.925632858
2022-02-08,120285.925632858
2022-02-09,122045.925632858
2022-02-10,120565.925632858
2022-02-11,120692.925632858
2022-02-14,117042.925632858
2022-02-15,116842.925632858
2022-02-16,113742.925632858
2022-02-17,113292.925632858
2022-02-18,113429.24563285793
2022-02-21,113429.24563285793
2022-02-22,113484.24563285793
2022-02-23,114694.24563285793
2022-02-24,114045.24563285797
2022-02-25,112825.96563285797
2022-02-28,118023.46563285797
2022-03-01,121523.46563285797
2022-03-02,126773.46563285797
2022-03-03,132023.465632858
2022-03-04,131789.465632858
2022-03-07,131229.465632858
2022-03-08,136373.46563285802
2022-03-09,130669.465632858
2022-03-10,131069.465632858
2022-03-11,132453.565632858
2022-03-14,131441.065632858
2022-03-15,131666.065632858
2022-03-16,128366.065632858
2022-03-17,130578.565632858
2022-03-18,130345.702332858
2022-03-21,130345.702332858
2022-03-22,130345.702332858
2022-03-23,130345.702332858
2022-03-24,130345.702332858
2022-03-25,130451.355692858
2022-03-28,132743.855692858
2022-03-29,135148.855692858
2022-03-30,133986.355692858
2022-03-31,132098.855692858
2022-04-01,131919.06298285798
2022-04-04,131919.06298285798
2022-04-05,131919.06298285798
2022-04-06,131919.06298285798
2022-04-07,131919.06298285798
2022-04-08,132854.63854535806
2022-04-11,132768.43054535805
2022-04-12,128285.61454535801
2022-04-13,128544.23854535806
2022-04-14,129514.07854535806
2022-04-15,129236.68974535806
2022-04-18,130600.68974535808
2022-04-19,125221.68974535803
2022-04-20,124561.68974535808
2022-04-21,124550.68974535809
2022-04-22,121715.88974535809
2022-04-25,120315.88974535809
2022-04-26,120140.88974535809
2022-04-27,122465.88974535809
2022-04-28,121490.88974535809
2022-04-29,120627.88974535809
2022-05-02,118827.88974535809
2022-05-03,116627.88974535809
2022-05-04,116577.88974535809
2022-05-05,117227.88974535809
2022-05-06,116465.08974535813
2022-05-09,110239.0897453581
2022-05-10,109535.0897453581
2022-05-11,113495.08974535811
2022-05-12,112560.0897453581
2022-05-13,113428.1897453581
2022-05-16,118153.1897453581
2022-05-17,120410.6897453581
2022-05-18,116963.1897453581
2022-05-19,114985.6897453581
2022-05-20,115294.5897453581
2022-05-23,113472.0897453581
2022-05-24,113967.0897453581
2022-05-25,112819.5897453581
2022-05-26,116982.0897453581
2022-05-27,116746.9239953581
2022-05-30,116746.9239953581
2022-05-31,116746.9239953581
2022-06-01,116746.9239953581
2022-06-02,116746.9239953581
2022-06-03,116527.5171091081
2022-06-06,116527.5171091081
2022-06-07,116527.5171091081
2022-06-08,116527.5171091081
2022-06-09,116527.5171091081
2022-06-10,116083.7668683581
2022-06-13,113263.7668683581
2022-06-14,112383.7668683581
2022-06-15,112223.7668683581
2022-06-16,113703.7668683581
2022-06-17,112173.3668683581
2022-06-20,112173.3668683581
2022-06-21,107653.3668683581
2022-06-22,106253.3668683581
2022-06-23,100733.3668683581
2022-06-24,100682.0183058581
2022-06-27,100682.0183058581
2022-06-28,100682.0183058581
2022-06-29,100682.0183058581
2022-06-30,100682.0183058581
2022-07-01,100679.4044933581
2022-07-04,100679.4044933581
2022-07-05,100679.4044933581
2022-07-06,100679.4044933581
2022-07-07,100679.4044933581
2022-07-08,102193.9952433581
2022-07-11,99596.4952433581
2022-07-12,98381.4952433581
2022-07-13,97911.4952433581
2022-07-14,98658.9952433581
2022-07-15,100136.59524335807
2022-07-18,100296.59524335804
2022-07-19,96856.59524335808
2022-07-20,94896.59524335805
2022-07-21,92576.59524335807
2022-07-22,92405.40284335807
2022-07-25,92405.40284335807
2022-07-26,92405.40284335807
2022-07-27,92405.40284335807
2022-07-28,92405.40284335807
2022-07-29,93152.90324335809
2022-08-01,92032.90324335809
2022-08-02,89792.90324335807
2022-08-03,90552.90324335809
2022-08-04,90232.90324335809
2022-08-05,90583.02324335808
2022-08-08,90556.02324335808
2022-08-09,88678.02324335808
2022-08-10,92581.02324335808
2022-08-11,92164.02324335808
2022-08-12,92746.3432433581
2022-08-15,90744.34324335807
2022-08-16,90920.3432433581
2022-08-17,90722.34324335807
2022-08-18,90854.34324335809
2022-08-19,90205.43369335808
2022-08-22,90554.74244335807
2022-08-23,94117.69169335807
2022-08-24,93034.83456835807
2022-08-25,93698.52119335806
2022-08-26,92822.01181835806
2022-08-29,93979.00419335807
2022-08-30,89854.81244335807
2022-08-31,86652.37456835806
2022-09-01,84948.30769335807
2022-09-02,84496.55519335807
2022-09-05,84496.55519335807
2022-09-06,84496.55519335807
2022-09-07,84496.55519335807
2022-09-08,84496.55519335807
2022-09-09,87352.70428710806
2022-09-12,90932.97459960807
2022-09-13,89710.35428710807
2022-09-14,90270.47772460808
2022-09-15,92020.05272460806
2022-09-16,90541.33154085807
2022-09-19,90822.49004085807
2022-09-20,89349.36629085806
2022-09-21,88844.13604085807
2022-09-22,89881.56929085807
2022-09-23,90603.71937585807
2022-09-26,86793.71937585807
2022-09-27,89913.71937585805
2022-09-28,91833.71937585807
2022-09-29,93543.71937585807
2022-09-30,91243.80624585801
2022-10-03,90757.64612085804
2022-10-04,87993.16599585806
2022-10-05,90132.26312085803
2022-10-06,89322.85974585803
2022-10-07,91702.40037085801
2022-10-10,91433.60037085804
2022-10-11,91971.20037085802
2022-10-12,92060.800370858
2022-10-13,92150.40037085803
2022-10-14,90511.50037085803
2022-10-17,89276.50037085803
2022-10-18,88754.00037085803
2022-10-19,88279.00037085803
2022-10-20,89324.00037085803
2022-10-21,90849.40037085806
2022-10-24,93749.40037085803
2022-10-25,93199.40037085801
2022-10-26,93849.40037085804
2022-10-27,93499.40037085801
2022-10-28,94574.65695835801
2022-10-31,95114.913458358
2022-11-01,96315.98708335799
2022-11-02,96360.504458358
2022-11-03,94762.03695835799
2022-11-04,94343.41549585799
2022-11-07,94343.41549585799
2022-11-08,94343.41549585799
2022-11-09,94343.41549585799
2022-11-10,94343.41549585799
2022-11-11,90907.24059585799
2022-11-14,91650.90659585799
2022-11-15,92644.63559585798
2022-11-16,92977.33359585798
2022-11-17,92144.71359585799
2022-11-18,92656.86529585798
2022-11-21,91776.86529585804
2022-11-22,90656.86529585802
2022-11-23,87536.86529585798
2022-11-24,87536.86529585798
2022-11-25,87269.92042085799
2022-11-28,85031.95042085799
2022-11-29,83212.81917085798
2022-11-30,85026.38792085799
2022-12-01,88420.050420858
2022-12-02,91736.036045858
2022-12-05,88548.536045858
2022-12-06,89548.536045858
2022-12-07,92923.536045858
2022-12-08,90611.036045858
2022-12-09,88066.036045858
2022-12-12,87996.036045858
2022-12-13,89536.036045858
2022-12-14,90516.036045858
2022-12-15,88836.036045858
2022-12-16,89195.286045858
2022-12-19,87320.286045858
2022-12-20,85398.411045858
2022-12-21,85820.286045858
2022-12-22,85351.536045858
2022-12-23,84941.840045858
2022-12-26,84941.840045858
2022-12-27,84941.840045858
2022-12-28,84941.840045858
2022-12-29,84941.840045858
2022-12-30,83537.58404585805
2023-01-02,83537.58404585805
2023-01-03,81317.58404585802
2023-01-04,82637.58404585805
2023-01-05,82277.58404585804
2023-01-06,81949.10084585803
2023-01-09,81949.10084585803
2023-01-10,81949.10084585803
2023-01-11,81949.10084585803
2023-01-12,81949.10084585803
2023-01-13,83062.89604585803
2023-01-16,83062.89604585803
2023-01-17,81242.89604585803
2023-01-18,80514.89604585798
2023-01-19,84378.89604585797
2023-01-20,84547.01604585799
2023-01-23,85093.01604585796
2023-01-24,85951.01604585795
2023-01-25,87069.01604585793
2023-01-26,84820.01604585796
2023-01-27,87451.77604585797
2023-01-30,89512.57604585795
2023-01-31,94709.37604585796
2023-02-01,91394.17604585795
2023-02-02,94082.17604585795
2023-02-03,94523.74594585794
2023-02-06,93297.48844585793
2023-02-07,93896.96719585794
2023-02-08,93977.59594585795
2023-02-09,95441.65819585795
2023-02-10,95371.35377085795
2023-02-13,96121.99877085796
2023-02-14,96588.22327085795
2023-02-15,96820.54347085796
2023-02-16,97000.30347085795
2023-02-17,97586.57847085794
2023-02-20,97586.57847085794
2023-02-21,98386.57847085794
2023-02-22,97436.57847085794
2023-02-23,97436.57847085794
2023-02-24,92441.5784708579
2023-02-27,95761.57847085794
2023-02-28,93361.57847085794
2023-03-01,98921.57847085792
2023-03-02,97441.5784708579
2023-03-03,97342.9593458579
2023-03-06,97616.42939585791
2023-03-07,96898.83419585791
2023-03-08,97378.19944585791
2023-03-09,97053.24404585791
2023-03-10,97053.24404585791
2023-03-13,94833.1996458579
2023-03-14,96226.2745458579
2023-03-15,93302.72559585789
2023-03-16,94334.20289585789
2023-03-17,93345.7511458579
2023-03-20,93858.2511458579
2023-03-21,95605.7511458579
2023-03-22,93838.2511458579
2023-03-23,95565.7511458579
2023-03-24,94520.43114585789
2023-03-27,92378.43114585787
2023-03-28,93944.43114585789
2023-03-29,93116.43114585786
2023-03-30,94439.43114585789
2023-03-31,96426.51114585788
2023-04-03,97896.51114585789
2023-04-04,100066.51114585786
2023-04-05,105806.51114585786
2023-04-06,110986.51114585789
2023-04-07,110888.51114585789
2023-04-10,110272.51114585789
2023-04-11,113240.51114585789
2023-04-12,111168.51114585789
2023-04-13,111000.51114585789
2023-04-14,109828.36364585781
2023-04-17,111628.2923958578
2023-04-18,110667.86114585781
2023-04-19,108972.3311458578
2023-04-20,108643.35114585773
2023-04-21,105710.72064585773
2023-04-24,109485.72064585773
2023-04-25,113085.72064585773
2023-04-26,111260.72064585774
2023-04-27,116610.72064585774
2023-04-28,116583.12064585774
2023-05-01,112775.12064585774
2023-05-02,110848.72064585774
2023-05-03,110983.12064585775
2023-05-04,112864.72064585776
2023-05-05,114317.64064585775
2023-05-08,114702.64064585775
2023-05-09,116220.64064585777
2023-05-10,115648.64064585778
2023-05-11,113822.64064585774
2023-05-12,112216.26092585768
2023-05-15,110973.03392585774
2023-05-16,109440.75842585789
2023-05-17,110190.0384258579
2023-05-18,105467.47592585789
2023-05-19,104660.21880585789
2023-05-22,105703.21880585789
2023-05-23,103144.71880585789
2023-05-24,104667.21880585789
2023-05-25,106630.71880585789
2023-05-26,109618.2388058579
2023-05-29,109618.2388058579
2023-05-30,110137.2388058579
2023-05-31,108688.2388058579
2023-06-01,111217.2388058579
2023-06-02,110495.5588058579
2023-06-05,110945.5588058579
2023-06-06,113615.5588058579
2023-06-07,110855.55880585792
2023-06-08,109715.5588058579
2023-06-09,109407.97960585791
2023-06-12,109407.97960585791
2023-06-13,109407.97960585791
2023-06-14,109407.97960585791
2023-06-15,109407.97960585791
2023-06-16,109327.0420058579
2023-06-19,109327.0420058579
2023-06-20,109327.0420058579
2023-06-21,109327.0420058579
2023-06-22,109327.0420058579
2023-06-23,110374.9780058579
2023-06-26,112124.9780058579
2023-06-27,110624.9780058579
2023-06-28,109824.9780058579
2023-06-29,108424.9780058579
2023-06-30,111888.57800585791
2023-07-03,111488.57800585791
2023-07-04,111488.57800585791
2023-07-05,108048.5780058579
2023-07-06,107808.57800585788
2023-07-07,107688.33130585788
2023-07-10,107532.19530585788
2023-07-11,106261.30655585788
2023-07-12,104184.94280585788
2023-07-13,104183.36955585788
2023-07-14,102692.52411585787
2023-07-17,104300.52411585787
2023-07-18,105755.52411585787
2023-07-19,105665.52411585787
2023-07-20,101543.52411585787
2023-07-21,105530.64411585787
2023-07-24,104840.64411585785
2023-07-25,103070.64411585785
2023-07-26,100940.64411585785
2023-07-27,101000.64411585787
2023-07-28,100397.03076585787
2023-07-31,99974.17126585783
2023-08-01,98511.65776585788
2023-08-02,98396.32051585786
2023-08-03,97898.68001585786
2023-08-04,96086.64226585784
2023-08-07,96746.59226585786
2023-08-08,99379.00226585784
2023-08-09,96968.46226585787
2023-08-10,95211.97226585787
2023-08-11,95082.17136585788
2023-08-14,93971.29061585787
2023-08-15,93169.69961585788
2023-08-16,93283.93436585787
2023-08-17,93969.29386585788
2023-08-18,93037.11286585788
2023-08-21,93228.18286585789
2023-08-22,93101.79286585789
2023-08-23,93165.3628658579
2023-08-24,94568.0828658579
2023-08-25,94740.9668658579
2023-08-28,95228.4668658579
2023-08-29,97140.9668658579
2023-08-30,94853.4668658579
2023-08-31,93353.4668658579
2023-09-01,92190.10086585791
2023-09-04,91619.99836585791
2023-09-05,94898.44336585792
2023-09-06,96159.64336585792
2023-09-07,95720.56336585792
2023-09-08,93303.05936585793
2023-09-11,93571.85936585792
2023-09-12,95408.65936585792
2023-09-13,94243.8593658579
2023-09-14,96080.65936585791
2023-09-15,95699.3465658579
2023-09-18,94676.2685658579
2023-09-19,96851.66056585789
2023-09-20,96509.90856585791
2023-09-21,95399.7605658579
2023-09-22,95319.2645658579
2023-09-25,95643.26456585788
2023-09-26,99243.26456585788
2023-09-27,98343.26456585788
2023-09-28,96543.26456585788
2023-09-29,95086.63256585789
2023-10-02,92674.78456585789
2023-10-03,91441.5705658579
2023-10-04,88637.15456585788
2023-10-05,88342.59456585789
2023-10-06,88320.73506585819
2023-10-09,93850.4100658581
2023-10-10,91633.86006585787
2023-10-11,90048.89256585795
2023-10-12,86390.33256585812
2023-10-13,83741.15811585811
2023-10-16,83551.21311585809
2023-10-17,83835.4556158581
2023-10-18,82839.30411585809
2023-10-19,81362.83611585811
2023-10-20,81721.37459085812
2023-10-23,81391.37459085812
2023-10-24,84331.37459085812
2023-10-25,82381.37459085812
2023-10-26,81931.37459085812
2023-10-27,82691.17059085812
2023-10-30,82145.25059085812
2023-10-31,82023.54059085812
2023-11-01,80140.19059085811
2023-11-02,82629.8105908581
2023-11-03,84900.97859085811
2023-11-06,85740.97859085811
2023-11-07,83580.97859085811
2023-11-08,85260.97859085811
2023-11-09,87600.97859085811
2023-11-10,89127.7385908581
2023-11-13,90779.5685908581
2023-11-14,86123.33859085811
2023-11-15,87227.83859085811
2023-11-16,89908.46359085811
2023-11-17,88192.72221085813
2023-11-20,88321.47171085811
2023-11-21,89075.64021085812
2023-11-22,89303.55651085815
2023-11-23,87309.86136085815
2023-11-24,87942.97788885815
2023-11-27,88602.3618888582
2023-11-28,88000.0651388582
2023-11-29,87879.65198885821
2023-11-30,88666.30956385819
2023-12-01,90593.06017385819
2023-12-04,89921.56017385819
2023-12-05,89318.06017385819
2023-12-06,88842.06017385819
2023-12-07,89063.06017385819
2023-12-08,88859.16127385819
2023-12-11,88993.72002385845
2023-12-12,89532.63002385834
2023-12-13,90475.95002385824
2023-12-14,93882.99689885824
2023-12-15,94622.75099885825
2023-12-18,94622.75099885825
2023-12-19,96490.25099885825
2023-12-20,93197.75099885825
2023-12-21,94990.25099885825
2023-12-22,95793.7867488584
2023-12-25,95793.7867488584
2023-12-26,95793.7867488584
2023-12-27,96787.71974885855
2023-12-28,97162.8189363582
2023-12-29,95543.33418635826
2024-01-01,95543.33418635826
2024-01-02,94783.96818635824
2024-01-03,96258.3841863583
2024-01-04,93179.13149885829
2024-01-05,93044.4327738583
2024-01-08,93520.42627385828
2024-01-09,94702.39889885829
2024-01-10,95260.8641988583
2024-01-11,93523.89907385828
2024-01-12,93649.49999885829
2024-01-15,93649.49999885829
2024-01-16,91211.99999885829
2024-01-17,86711.99999885829
2024-01-18,87024.49999885829
2024-01-19,89212.49999885829
2024-01-22,89332.49999885829
2024-01-23,90652.49999885829
2024-01-24,94192.4999988583
2024-01-25,92602.49999885829
2024-01-26,92969.02732385827
2024-01-29,92319.34182385828
2024-01-30,93726.73832385823
2024-01-31,92699.34907385826
2024-02-01,92212.54107385824
2024-02-02,93970.43516385824
2024-02-05,101980.42276385825
2024-02-06,104786.94816385825
2024-02-07,109877.41516385826
2024-02-08,122201.58256385826
2024-02-09,123179.23680135827
2024-02-12,123313.99155135827
2024-02-13,117254.84405135826
2024-02-14,119598.47555135828
2024-02-15,119893.59505135825
2024-02-16,118351.52930135826
2024-02-19,118351.52930135826
2024-02-20,114016.52930135826
2024-02-21,115981.52930135824
2024-02-22,117136.52930135826
2024-02-23,117390.87998135824
2024-02-26,116914.58898135823
2024-02-27,118258.44518135824
2024-02-28,119538.65008135824
2024-02-29,119474.30598135825
2024-03-01,118630.05043535825
2024-03-04,118086.29575535825
2024-03-05,117539.59459535826
2024-03-06,117982.17463535826
2024-03-07,121864.37155535826
2024-03-08,122935.17225095826
2024-03-11,123286.17225095823
2024-03-12,120010.17225095826
2024-03-13,122038.17225095825
2024-03-14,120257.17225095822
2024-03-15,121197.7322509582
2024-03-18,121477.73225095819
2024-03-19,119097.73225095819
2024-03-20,119937.73225095819
2024-03-21,118817.7322509582
2024-03-22,121468.2652589582
2024-03-25,120583.0897589582
2024-03-26,121165.8883589582
2024-03-27,120839.15175895819
2024-03-28,122529.90355895819
2024-03-29,122495.60338895819
2024-04-01,122495.60338895819
2024-04-02,122495.60338895819
2024-04-03,122495.60338895819
2024-04-04,122495.60338895819
2024-04-05,122495.60338895819
2024-04-08,122495.60338895819
2024-04-09,122495.60338895819
2024-04-10,122495.60338895819
2024-04-11,122495.60338895819
2024-04-12,122495.60338895819
2024-04-15,122495.60338895819
2024-04-16,122495.60338895819
2024-04-17,122495.60338895819
2024-04-18,122495.60338895819
2024-04-19,122495.60338895819
2024-04-22,122495.60338895819
2024-04-23,122495.60338895819
2024-04-24,122495.60338895819
2024-04-25,122495.60338895819
2024-04-26,122495.60338895819
2024-04-29,122495.60338895819
2024-04-30,122495.60338895819
2024-05-01,122495.60338895819
2024-05-02,122495.60338895819
2024-05-03,122495.60338895819
2024-05-06,122495.60338895819
2024-05-07,122495.60338895819
2024-05-08,122495.60338895819
2024-05-09,122495.60338895819
2024-05-10,122495.60338895819
2024-05-13,122495.60338895819
2024-05-14,122495.60338895819
2024-05-15,122495.60338895819
2024-05-16,122495.60338895819
2024-05-17,122495.60338895819
2024-05-20,122495.60338895819
2024-05-21,122495.60338895819
2024-05-22,122495.60338895819
2024-05-23,122495.60338895819
2024-05-24,122495.60338895819
2024-05-27,122495.60338895819
2024-05-28,122495.60338895819
2024-05-29,122495.60338895819
2024-05-30,122495.60338895819
2024-05-31,122495.60338895819
2024-06-03,122495.60338895819
2024-06-04,122495.60338895819
2024-06-05,122495.60338895819
2024-06-06,122495.60338895819
2024-06-07,122495.60338895819
2024-06-10,122495.60338895819
2024-06-11,122495.60338895819
2024-06-12,122495.60338895819
2024-06-13,122495.60338895819
2024-06-14,122495.60338895819
2024-06-17,122495.60338895819
2024-06-18,122495.60338895819
2024-06-19,122495.60338895819
2024-06-20,122495.60338895819
2024-06-21,122495.60338895819
2024-06-24,122495.60338895819
2024-06-25,122495.60338895819
2024-06-26,122495.60338895819
2024-06-27,122495.60338895819
2024-06-28,122495.60338895819
2024-07-01,122495.60338895819
2024-07-02,122495.60338895819
2024-07-03,122495.60338895819
2024-07-04,122495.60338895819
2024-07-05,122495.60338895819
2024-07-08,122495.60338895819
2024-07-09,122495.60338895819
2024-07-10,122495.60338895819
2024-07-11,122495.60338895819
2024-07-12,122495.60338895819
2024-07-15,122495.60338895819
2024-07-16,122495.60338895819
2024-07-17,122495.60338895819
2024-07-18,122495.60338895819
2024-07-19,122495.60338895819
2024-07-22,122495.60338895819
2024-07-23,122495.60338895819
2024-07-24,122495.60338895819
2024-07-25,122495.60338895819
2024-07-26,122495.60338895819
2024-07-29,122495.60338895819
2024-07-30,122495.60338895819
2024-07-31,122495.60338895819
2024-08-01,122495.60338895819
2024-08-02,122495.60338895819
2024-08-05,122495.60338895819
2024-08-06,122495.60338895819
2024-08-07,122495.60338895819
2024-08-08,122495.60338895819
2024-08-09,122495.60338895819
2024-08-12,122495.60338895819
2024-08-13,122495.60338895819
2024-08-14,122495.60338895819
2024-08-15,122495.60338895819
2024-08-16,122495.60338895819
2024-08-19,122495.60338895819
2024-08-20,122495.60338895819
2024-08-21,122495.60338895819
2024-08-22,122495.60338895819
2024-08-23,122495.60338895819
2024-08-26,122495.60338895819
2024-08-27,122495.60338895819
2024-08-28,122495.60338895819
2024-08-29,122495.60338895819
2024-08-30,122495.60338895819
2024-09-02,122495.60338895819
2024-09-03,122495.60338895819
2024-09-04,122495.60338895819
2024-09-05,122495.60338895819
2024-09-06,122495.60338895819
2024-09-09,122495.60338895819
2024-09-10,122495.60338895819
2024-09-11,122495.60338895819
2024-09-12,122495.60338895819
2024-09-13,122495.60338895819
2024-09-16,122495.60338895819
2024-09-17,122495.60338895819
2024-09-18,122495.60338895819
2024-09-19,122495.60338895819
2024-09-20,122495.60338895819
2024-09-23,122495.60338895819
2024-09-24,122495.60338895819
2024-09-25,122495.60338895819
2024-09-26,122495.60338895819
2024-09-27,122495.60338895819
2024-09-30,122495.60338895819
2024-10-01,122495.60338895819
2024-10-02,122495.60338895819
2024-10-03,122495.60338895819
2024-10-04,122495.60338895819
2024-10-07,122495.60338895819
2024-10-08,122495.60338895819
2024-10-09,122495.60338895819
2024-10-10,122495.60338895819
2024-10-11,122495.60338895819
2024-10-14,122495.60338895819
2024-10-15,122495.60338895819
2024-10-16,122495.60338895819
2024-10-17,122495.60338895819
2024-10-18,122495.60338895819
2024-10-21,122495.60338895819
2024-10-22,122495.60338895819
2024-10-23,122495.60338895819
2024-10-24,122495.60338895819
2024-10-25,122495.60338895819
2024-10-28,122495.60338895819
2024-10-29,122495.60338895819
2024-10-30,122495.60338895819
2024-10-31,122495.60338895819
2024-11-01,122495.60338895819
2024-11-04,122495.60338895819
2024-11-05,122495.60338895819
2024-11-06,122495.60338895819
2024-11-07,122495.60338895819
2024-11-08,122495.60338895819
2024-11-11,122495.60338895819
2024-11-12,122495.60338895819
2024-11-13,122495.60338895819
2024-11-14,122495.60338895819
2024-11-15,122495.60338895819
2024-11-18,122495.60338895819
2024-11-19,122495.60338895819
2024-11-20,122495.60338895819
2024-11-21,122495.60338895819
2024-11-22,122495.60338895819
2024-11-25,122495.60338895819
2024-11-26,122495.60338895819
2024-11-27,122495.60338895819
2024-11-28,122495.60338895819
2024-11-29,122495.60338895819
2024-12-02,122495.60338895819
2024-12-03,122495.60338895819
2024-12-04,122495.60338895819
2024-12-05,122495.60338895819
2024-12-06,122495.60338895819
2024-12-09,122495.60338895819
2024-12-10,122495.60338895819
2024-12-11,122495.60338895819
2024-12-12,122495.60338895819
2024-12-13,122495.60338895819
2024-12-16,122495.60338895819
2024-12-17,122495.60338895819
2024-12-18,122495.60338895819
2024-12-19,122495.60338895819
2024-12-20,122495.60338895819
2024-12-23,122495.60338895819
2024-12-24,122495.60338895819
2024-12-25,122495.60338895819
2024-12-26,122495.60338895819
2024-12-27,122495.60338895819
2024-12-30,122495.60338895819
2024-12-31,122495.60338895819
2025-01-01,122495.60338895819
2025-01-02,122495.60338895819
2025-01-03,122495.60338895819
2025-01-06,122495.60338895819
2025-01-07,122495.60338895819
2025-01-08,122495.60338895819
2025-01-09,122495.60338895819
2025-01-10,122495.60338895819
2025-01-13,122495.60338895819
2025-01-14,122495.60338895819
2025-01-15,122495.60338895819
2025-01-16,122495.60338895819
2025-01-17,122495.60338895819
2025-01-20,122495.60338895819
2025-01-21,122495.60338895819
2025-01-22,122495.60338895819
2025-01-23,122495.60338895819
2025-01-24,122495.60338895819
2025-01-27,122495.60338895819
2025-01-28,122495.60338895819
2025-01-29,122495.60338895819
2025-01-30,122495.60338895819
2025-01-31,122495.60338895819
2025-02-03,122495.60338895819
2025-02-04,122495.60338895819
2025-02-05,122495.60338895819
2025-02-06,122495.60338895819
2025-02-07,122495.60338895819
2025-02-10,122495.60338895819
2025-02-11,122495.60338895819
2025-02-12,122495.60338895819
2025-02-13,122495.60338895819
2025-02-14,122495.60338895819
2025-02-17,122495.60338895819
2025-02-18,122495.60338895819
2025-02-19,122495.60338895819
2025-02-20,122495.60338895819
2025-02-21,122495.60338895819
2025-02-24,122495.60338895819
2025-02-25,122495.60338895819
2025-02-26,122495.60338895819
2025-02-27,122495.60338895819
2025-02-28,122495.60338895819
2025-03-03,122495.60338895819
2025-03-04,122495.60338895819
2025-03-05,122495.60338895819
2025-03-06,122495.60338895819
2025-03-07,122495.60338895819
2025-03-10,122495.60338895819
2025-03-11,122495.60338895819
2025-03-12,122495.60338895819
2025-03-13,122495.60338895819
2025-03-14,122495.60338895819
2025-03-17,122495.60338895819
2025-03-18,122495.60338895819
2025-03-19,122495.60338895819
2025-03-20,122495.60338895819
2025-03-21,122495.60338895819
2025-03-24,122495.60338895819
2025-03-25,122495.60338895819
2025-03-26,122495.60338895819
2025-03-27,122495.60338895819
2025-03-28,122495.60338895819
2025-03-31,122495.60338895819
2025-04-01,122495.60338895819
2025-04-02,122495.60338895819
2025-04-03,122495.60338895819
2025-04-04,122485.04338895819
2025-04-07,115033.0433889582
2025-04-08,117157.04338895818
2025-04-09,128065.04338895819
2025-04-10,139969.04338895823
2025-04-11,139941.99633845824
2025-04-14,139941.99633845824
2025-04-15,139941.99633845824
2025-04-16,139941.99633845824
2025-04-17,139941.99633845824
2025-04-18,139941.99633845824
2025-04-21,139941.99633845824
2025-04-22,139941.99633845824
2025-04-23,139941.99633845824
2025-04-24,139941.99633845824
2025-04-25,139941.99633845824
2025-04-28,139941.99633845824
2025-04-29,139941.99633845824
2025-04-30,139941.99633845824
2025-05-01,139941.99633845824
2025-05-02,139941.99633845824
2025-05-05,139941.99633845824
2025-05-06,139941.99633845824
2025-05-07,139941.99633845824
2025-05-08,139941.99633845824
2025-05-09,139919.25929495823
2025-05-12,139919.25929495823
2025-05-13,139919.25929495823
2025-05-14,139919.25929495823
2025-05-15,139919.25929495823
2025-05-16,139917.69679670825
2025-05-19,139917.69679670825
2025-05-20,139917.69679670825
2025-05-21,139917.69679670825
2025-05-22,139917.69679670825
2025-05-23,139916.13429845826
2025-05-26,139916.13429845826
2025-05-27,139916.13429845826
2025-05-28,139916.13429845826
2025-05-29,139916.13429845826
2025-05-30,139916.13429845826
2025-06-02,139916.13429845826
2025-06-03,139916.13429845826
2025-06-04,139916.13429845826
2025-06-05,139916.13429845826
2025-06-06,139916.13429845826
2025-06-09,139916.13429845826
2025-06-10,139916.13429845826
2025-06-11,139916.13429845826
2025-06-12,139916.13429845826
2025-06-13,139855.03522895827
2025-06-16,139855.03522895827
2025-06-17,139855.03522895827
2025-06-18,139855.03522895827
2025-06-19,139855.03522895827
2025-06-20,139855.03522895827
2025-06-23,139855.03522895827
2025-06-24,139855.03522895827
2025-06-25,139855.03522895827
2025-06-26,139855.03522895827
2025-06-27,139855.03522895827
2025-06-30,139855.03522895827
2025-07-01,139855.03522895827
2025-07-02,139855.03522895827
2025-07-03,139855.03522895827
2025-07-04,139801.36114895827
2025-07-07,139801.36114895827
2025-07-08,139741.36114895827
2025-07-09,140270.11114895827
2025-07-10,140525.11114895827
2025-07-11,140525.11114895827
2025-07-14,140690.11114895827
2025-07-15,140285.11114895827
2025-07-16,140573.86114895827
2025-07-17,141132.61114895827
2025-07-18,141131.96114895827
2025-07-21,141331.96114895827
2025-07-22,141371.96114895827
2025-07-23,142361.96114895827
2025-07-24,142466.96114895827
2025-07-25,142466.96114895827
2025-07-28,142421.96114895827
2025-07-29,142086.96114895827
2025-07-30,141891.96114895827
2025-07-31,141451.96114895827
2025-08-01,141439.98615945826
2025-08-04,141439.98615945826
2025-08-05,141439.98615945826
2025-08-06,141439.98615945826
2025-08-07,141439.98615945826
2025-08-08,141438.42366120828
2025-08-11,141438.42366120828
2025-08-12,141438.42366120828
2025-08-13,141438.42366120828
2025-08-14,141438.42366120828
2025-08-15,141436.8611629583
2025-08-18,141436.8611629583
2025-08-19,141436.8611629583
2025-08-20,141436.8611629583
2025-08-21,141436.8611629583
2025-08-22,141436.8611629583
2025-08-25,141436.8611629583
2025-08-26,141436.8611629583
2025-08-27,141436.8611629583
2025-08-28,141436.8611629583
2025-08-29,141424.88617345828
2025-09-01,141424.88617345828
2025-09-02,140479.88617345828
2025-09-03,141114.88617345828
2025-09-04,142184.88617345828
2025-09-05,142184.88617345828
2025-09-08,142509.88617345828
2025-09-09,142824.88617345828
2025-09-10,143184.88617345828
2025-09-11,144239.88617345828
2025-09-12,144229.36093487559
2025-09-15,144229.36093487559
2025-09-16,144229.36093487559
2025-09-17,144229.36093487559
2025-09-18,144229.36093487559
2025-09-19,144218.8356962929
2025-09-22,145077.68185013905
2025-09-23,144327.68185013905
2025-09-24,143872.68185013905
2025-09-25,143222.68185013905
2025-09-26,143213.34539734374
2025-09-29,143213.34539734374
2025-09-30,143213.34539734374
2025-10-01,143213.34539734374
2025-10-02,143213.34539734374
2025-10-03,143203.35894454844
2025-10-06,143822.10894454844
2025-10-07,143140.85894454844
2025-10-08,144134.60894454844
2025-10-09,143584.60894454844
2025-10-10,143575.01875368226
2025-10-13,143575.01875368226
2025-10-14,143575.01875368226
2025-10-15,143575.01875368226
2025-10-16,143575.01875368226
2025-10-17,143575.01875368226
2025-10-20,143575.01875368226
2025-10-21,143575.01875368226
2025-10-22,143575.01875368226
2025-10-23,143575.01875368226
2025-10-24,143573.43370596573
2025-10-27,143573.43370596573
2025-10-28,143573.43370596573
2025-10-29,143573.43370596573
2025-10-30,143573.43370596573
2025-10-31,143536.3510128161
2025-11-03,143536.3510128161
2025-11-04,143536.3510128161
2025-11-05,143536.3510128161
2025-11-06,143536.3510128161
2025-11-07,143536.3510128161
2025-11-10,143536.3510128161
2025-11-11,143536.3510128161
2025-11-12,143536.3510128161
2025-11-13,143536.3510128161
2025-11-14,143494.6484733161
2025-11-17,143494.6484733161
2025-11-18,143494.6484733161
2025-11-19,143494.6484733161
2025-11-20,143494.6484733161
2025-11-21,143480.5183406665
2025-11-24,143480.5183406665
2025-11-25,143480.5183406665
2025-11-26,143480.5183406665
2025-11-27,143480.5183406665
2025-11-28,143467.95070626686
2025-12-01,143467.95070626686
2025-12-02,143467.95070626686
2025-12-03,143467.95070626686
2025-12-04,143467.95070626686
2025-12-05,143466.38820801687
2025-12-08,143466.38820801687
2025-12-09,143466.38820801687
2025-12-10,143466.38820801687
2025-12-11,143466.38820801687
2025-12-12,143466.38820801687
2025-12-15,143466.38820801687
2025-12-16,143466.38820801687
2025-12-17,143466.38820801687
2025-12-18,143466.38820801687
2025-12-19,143466.38820801687
2025-12-22,143466.38820801687
2025-12-23,143466.38820801687
2025-12-24,143466.38820801687
2025-12-25,143466.38820801687
2025-12-26,143464.82570976688
2025-12-29,143464.82570976688
2025-12-30,143464.82570976688
2025-12-31,143464.82570976688
2026-01-01,143464.82570976688
2026-01-02,143463.2632115169
2026-01-05,143463.2632115169
2026-01-06,143463.2632115169
2026-01-07,143463.2632115169
2026-01-08,143463.2632115169
2026-01-09,143437.7244470169
2026-01-12,143437.7244470169
2026-01-13,143437.7244470169
2026-01-14,143437.7244470169
2026-01-15,143437.7244470169
2026-01-16,143410.6231842669
2026-01-19,143410.6231842669
2026-01-20,143410.6231842669
2026-01-21,143410.6231842669
2026-01-22,143410.6231842669
2026-01-23,143360.89263651692
2026-01-26,143360.89263651692
2026-01-27,143360.89263651692
2026-01-28,143360.89263651692
2026-01-29,143360.89263651692
2026-01-30,143360.89263651692
2026-02-02,143360.89263651692
2026-02-03,143360.89263651692
2026-02-04,143360.89263651692
2026-02-05,143360.89263651692
2026-02-06,143360.89263651692
2026-02-09,143360.89263651692
2026-02-10,143360.89263651692
2026-02-11,143360.89263651692
2026-02-12,143360.89263651692
2026-02-13,143317.34443336728
2026-02-16,143317.34443336728
2026-02-17,143317.34443336728
2026-02-18,143317.34443336728
2026-02-19,143317.34443336728
2026-02-20,143317.34443336728
2026-02-23,143317.34443336728
2026-02-24,143317.34443336728
2026-02-25,143317.34443336728
2026-02-26,143317.34443336728
2026-02-27,143317.34443336728
2026-03-02,143317.34443336728
2026-03-03,143317.34443336728
2026-03-04,143317.34443336728
2026-03-05,143317.34443336728
2026-03-06,143280.26174021765
2026-03-09,143280.26174021765
2026-03-10,143280.26174021765
2026-03-11,143280.26174021765
2026-03-12,143280.26174021765
2026-03-13,143280.26174021765
2026-03-16,143280.26174021765
2026-03-17,143280.26174021765
2026-03-18,143280.26174021765
2026-03-19,143280.26174021765
2026-03-20,143280.26174021765
2026-03-23,143280.26174021765
2026-03-24,143280.26174021765
2026-03-25,143280.26174021765
2026-03-26,143280.26174021765
2026-03-27,143241.19773742236
2026-03-30,143241.19773742236
2026-03-31,143241.19773742236
2026-04-01,143241.19773742236
2026-04-02,143241.19773742236
2026-04-03,143241.19773742236
2026-04-06,143241.19773742236
