date,held,n_contracts,forecast
2015-01-09,COCOA_LDN,6,15.30578894973438
2015-01-16,BUND,5,18.823304770095863
2015-01-23,DAX,17,18.12839002775335
2015-01-30,DAX,16,13.231858939011772
2015-02-06,CAC,4,13.103085431806832
2015-02-13,BOBL,16,14.414607192275142
2015-02-20,CAC,4,14.993040274913888
2015-02-27,DAX,28,17.023228743013927
2015-03-06,CAC,5,15.42811718002797
2015-03-13,TOPIX,6,16.912470376830047
2015-03-20,TOPIX,6,19.54255131600162
2015-03-27,TOPIX,6,14.603921214081886
2015-04-03,IBEX_mini,5,13.872933357802301
2015-04-10,CAC,4,17.685372036381555
2015-04-17,BUND,8,19.009561233447215
2015-04-24,TOPIX,6,17.93148857988798
2015-05-01,TOPIX,5,11.447520371694168
2015-05-08,TOPIX,5,7.351529712267463
2015-05-15,COCOA,6,17.304349676962033
2015-05-22,TOPIX,6,16.857127051739436
2015-05-29,TOPIX,6,19.26474828708326
2015-06-05,TOPIX,7,16.59583516341056
2015-06-12,TOPIX,6,9.98845648569773
2015-06-19,COCOA,6,17.118467216846312
2015-06-26,TOPIX,6,12.904385103381516
2015-07-03,CORN,3,16.060678297334892
2015-07-10,CORN,3,12.68611622195452
2015-07-17,NASDAQ_micro,17,12.22026809214821
2015-07-24,BTP,3,12.69241125778251
2015-07-31,BOBL,16,15.441141919216895
2015-08-07,CAC,4,12.83691104963824
2015-08-14,TOPIX,5,8.601839716432407
2015-08-21,BUND,4,12.147108785834549
2015-08-28,COPPER-micro,24,7.611809652743027
2015-09-04,SUGAR_WHITE,7,11.391207071845002
2015-09-11,COCOA_LDN,6,10.46088986871355
2015-09-18,BOBL,15,9.675438986114264
2015-09-25,COCOA_LDN,7,9.27730172810559
2015-10-02,SUGAR_WHITE,8,17.044066668923524
2015-10-09,SUGAR11,10,17.52678136415235
2015-10-16,OJ,4,13.242526433325486
2015-10-23,SUGAR11,8,12.634080821920634
2015-10-30,BTP,4,15.698634683389274
2015-11-06,NASDAQ_micro,16,11.536832977105577
2015-11-13,COCOA_LDN,7,14.694367101827519
2015-11-20,BUND,4,11.995123689596028
2015-11-27,BTP,4,18.098100660325688
2015-12-04,COCOA_LDN,7,12.154391710192934
2015-12-11,WHEAT_mini,29,8.557839507412906
2015-12-18,FTSE250,5,5.799641278398252
2015-12-25,FTSE250,4,11.596152848272949
2016-01-01,FTSE250,5,13.063482030381714
2016-01-08,GOLD_micro,17,13.128622264671913
2016-01-15,SUGAR_WHITE,8,10.53240093800584
2016-01-22,BUND,4,18.12729516955753
2016-01-29,BUND,4,15.160770269148735
2016-02-05,GOLD_micro,12,13.424054907489612
2016-02-12,GOLD_micro,6,14.182361774933304
2016-02-19,BUND,3,12.16295983091819
2016-02-26,SUGAR11,7,15.674878066696913
2016-03-04,SUGAR_WHITE,10,18.05752598881927
2016-03-11,LEANHOG,6,13.329716318285222
2016-03-18,SUGAR11,8,19.732285735900483
2016-03-25,OJ,5,12.231236832327916
2016-04-01,OJ,5,17.971000203118
2016-04-08,BUND,5,14.75506330063449
2016-04-15,SOYBEAN_mini,7,12.16260343001195
2016-04-22,SOYBEAN_mini,6,14.554707405814739
2016-04-29,SOYBEAN_mini,5,14.909013962263044
2016-05-06,BOBL,32,12.705251751847024
2016-05-13,SOYBEAN_mini,4,15.082390055943769
2016-05-20,SOYBEAN_mini,4,13.03470310630636
2016-05-27,CAC,4,13.93671280424276
2016-06-03,OJ,4,17.52402323481533
2016-06-10,SOYBEAN_mini,4,18.240720981646977
2016-06-17,LEANHOG,4,14.034773279311025
2016-06-24,OJ,4,15.437361868272317
2016-07-01,SOYBEAN_mini,4,14.068143688098607
2016-07-08,COCOA_LDN,7,20.0
2016-07-15,US-MATERIAL,3,13.41637402044978
2016-07-22,NASDAQ_micro,20,13.238223237124979
2016-07-29,NASDAQ_micro,19,15.426212728004714
2016-08-05,NASDAQ_micro,18,14.544107346372884
2016-08-12,NASDAQ_micro,17,16.395931910422053
2016-08-19,COCOA,7,16.11067710474984
2016-08-26,OJ,4,6.991944646167442
2016-09-02,US-FINANCE,3,6.291605798718689
2016-09-09,OJ,3,12.721492895614418
2016-09-16,COPPER-micro,46,9.708328985559854
2016-09-23,OJ,3,12.258366059820666
2016-09-30,BUND,4,8.749246085937711
2016-10-07,NASDAQ_micro,17,6.3178722369915805
2016-10-14,WHEAT_mini,27,11.120832441054977
2016-10-21,CAC,4,8.133663898309077
2016-10-28,OJ,4,16.638371971132095
2016-11-04,CHEESE,4,13.356750281849322
2016-11-11,US-MATERIAL,3,12.538855508951066
2016-11-18,LIVECOW,4,13.156823923842358
2016-11-25,US-MATERIAL,4,15.129567394870946
2016-12-02,MILK,5,15.737144274025397
2016-12-09,US-MATERIAL,4,18.45255193751527
2016-12-16,LEANHOG,5,16.449594428427154
2016-12-23,LIVECOW,4,14.748921204852843
2016-12-30,GILT,3,15.082469776894449
2017-01-06,WHEAT_mini,39,14.727486600406067
2017-01-13,COPPER-micro,21,10.561651183250468
2017-01-20,LIVECOW,4,14.836076776772005
2017-01-27,NASDAQ_micro,20,15.465179761503121
2017-02-03,SHATZ,46,11.254166753540945
2017-02-10,WHEAT_mini,39,13.926449266832613
2017-02-17,NASDAQ_micro,24,16.954982083904287
2017-02-24,SHATZ,38,19.679194349166576
2017-03-03,SP500_micro,19,11.941502867217727
2017-03-10,IBEX_mini,6,14.415105860619457
2017-03-17,IBEX_mini,6,14.924240038767778
2017-03-24,IBEX_mini,6,17.006009915076515
2017-03-31,IBEX_mini,7,16.65863790375366
2017-04-07,IBEX_mini,7,16.974147437578285
2017-04-14,FTSE250,5,15.15420647663177
2017-04-21,IBEX_mini,7,11.644790525613715
2017-04-28,IBEX_mini,5,15.62197656668455
2017-05-05,CAC,4,19.60444209549924
2017-05-12,IBEX_mini,5,14.268438564083477
2017-05-19,BTP,8,14.664257440145692
2017-05-26,NASDAQ_micro,18,17.110046164528203
2017-06-02,NASDAQ_micro,20,14.435504465043662
2017-06-09,BTP,6,16.084011802257976
2017-06-16,WHEAT_mini,28,11.488844358068718
2017-06-23,TOPIX,6,11.532888081838786
2017-06-30,WHEAT,6,15.587829773220415
2017-07-07,TOPIX,7,10.011515807479853
2017-07-14,TOPIX,7,9.906402467020527
2017-07-21,US-TECH,6,15.702672996815297
2017-07-28,FTSE250,6,11.654983498406429
2017-08-04,PLAT,3,13.299762822513719
2017-08-11,BUND,4,15.573768268305008
2017-08-18,GOLD_micro,14,9.18337352416055
2017-08-25,SHATZ,43,13.136719490335429
2017-09-01,SHATZ,43,18.05917982138868
2017-09-08,US-HEALTH,4,17.571209446553713
2017-09-15,US-HEALTH,4,13.478407740049136
2017-09-22,TOPIX,6,13.911150451520749
2017-09-29,TOPIX,6,15.571471550938265
2017-10-06,US-FINANCE,3,17.20688321165861
2017-10-13,TOPIX,7,17.495527484994135
2017-10-20,TOPIX,7,19.67345481918006
2017-10-27,TOPIX,7,19.587526284380214
2017-11-03,TOPIX,7,19.931446787365484
2017-11-10,TOPIX,6,19.90992205618462
2017-11-17,NASDAQ_micro,17,14.624537022513886
2017-11-24,NASDAQ_micro,18,15.150401469596853
2017-12-01,NIKKEI,4,14.782773604476306
2017-12-08,SHATZ,42,13.664301113298762
2017-12-15,TOPIX,5,12.890094500215739
2017-12-22,TOPIX,5,13.391616182035769
2017-12-29,SUGAR_WHITE,10,13.347171447673128
2018-01-05,US-MATERIAL,5,18.643685564029358
2018-01-12,TOPIX,5,19.118100473506896
2018-01-19,US-TECH,4,17.499557617607486
2018-01-26,US-HEALTH,3,16.5667212597502
2018-02-02,COCOA,7,13.936038321963645
2018-02-09,WHEAT_mini,36,7.718477377385697
2018-02-16,COCOA,6,14.377170815713749
2018-02-23,LEANHOG,4,9.762176679021158
2018-03-02,COCOA_LDN,6,19.126664321067683
2018-03-09,COCOA_LDN,5,20.0
2018-03-16,OAT,3,13.41948957321184
2018-03-23,SHATZ,42,17.205235685130777
2018-03-30,OAT,4,15.669736528772594
2018-04-06,CHEESE,6,5.74930533070422
2018-04-13,FTSE250,5,9.90488374871133
2018-04-20,FTSE250,6,15.9358056748653
2018-04-27,OJ,5,16.16352157604967
2018-05-04,OJ,5,12.528238989143171
2018-05-11,US-TECH,3,18.042371730469224
2018-05-18,FTSE250,6,18.0934898681156
2018-05-25,SHATZ,41,14.30061123543105
2018-06-01,SUGAR11,9,15.13881143472972
2018-06-08,NASDAQ_micro,12,17.71457848666978
2018-06-15,BUND,8,11.711322128621248
2018-06-22,BOBL,22,12.675277394676288
2018-06-29,OAT,4,8.776216158148793
2018-07-06,OJ,4,12.067891156432841
2018-07-13,US-HEALTH,3,15.617693499960133
2018-07-20,GILT,5,15.14792032666764
2018-07-27,US-INDUSTRY,3,14.885374014509715
2018-08-03,OATIES,8,8.60420938258171
2018-08-10,US-TECH,4,10.219211355283203
2018-08-17,US-HEALTH,3,14.161553672635444
2018-08-24,COCOA,4,13.190483629064191
2018-08-31,US-HEALTH,4,12.731581186730212
2018-09-07,LEANHOG,3,12.453490108002796
2018-09-14,SUGAR11,8,13.569578730558256
2018-09-21,US-HEALTH,3,15.99419650114705
2018-09-28,NIKKEI,4,15.084954473094136
2018-10-05,SUGAR11,7,13.451201019395839
2018-10-12,SUGAR_WHITE,8,16.046705696075946
2018-10-19,SUGAR11,8,15.339646178215462
2018-10-26,GILT,5,13.51879208531931
2018-11-02,SOYBEAN,4,10.300596453846167
2018-11-09,SP500_micro,22,9.194106769681902
2018-11-16,GILT,3,13.902181713929728
2018-11-23,VIX_mini,31,7.352047745760264
2018-11-30,BTP,6,13.485823726406514
2018-12-07,GILT,4,11.704833627417713
2018-12-14,COCOA,5,10.169974019525235
2018-12-21,VIX_mini,20,12.631170697787546
2018-12-28,VIX_mini,19,14.654852623424068
2019-01-04,BUND,9,9.988781906050816
2019-01-11,FTSE250,5,11.755803651193617
2019-01-18,SP500_micro,22,13.699276792366133
2019-01-25,OAT,10,11.894471238400769
2019-02-01,EURIBOR-ICE,38,14.734128429697193
2019-02-08,BOBL,32,13.156715826516015
2019-02-15,GILT,5,8.01422160255841
2019-02-22,FTSE250,7,12.682820666895047
2019-03-01,EU-BANKS,29,13.280966590813074
2019-03-08,BTP,5,17.34519132118631
2019-03-15,LEANHOG,3,15.415199582477674
2019-03-22,CHEESE,7,14.420206643538101
2019-03-29,COCOA_LDN,7,8.992306727906344
2019-04-05,COCOA_LDN,8,17.075166917296
2019-04-12,BTP,7,11.848525134228945
2019-04-19,EUROSTX,6,17.647887186529285
2019-04-26,CHEESE,6,16.352603442098257
2019-05-03,CHEESE,8,11.769586921237712
2019-05-10,SHATZ,118,4.85842658104356
2019-05-17,CAC,11,10.962881352546127
2019-05-24,GILT,4,17.84286996680918
2019-05-31,SOYBEAN,3,13.65747176256069
2019-06-07,GILT,5,16.40804185432884
2019-06-14,US-MATERIAL,3,13.320883816851625
2019-06-21,US-REALESTATE,6,12.786339977550618
2019-06-28,US-MATERIAL,3,11.818598458284578
2019-07-05,EUROSTX,5,16.336203168656215
2019-07-12,BBCOMM,20,8.871870392185281
2019-07-19,BOBL,26,13.513043313310709
2019-07-26,EU-TRAVEL,13,9.614088621176823
2019-08-02,GILT,4,13.827248662942344
2019-08-09,US-REALESTATE,5,12.691055049941687
2019-08-16,BTP,3,16.38259456968725
2019-08-23,US-REALESTATE,6,8.279924003386762
2019-08-30,GILT,5,14.097169748436746
2019-09-06,FTSE250,6,12.359954832487796
2019-09-13,CHEESE,5,17.426280939997785
2019-09-20,COCOA,8,19.133101461743617
2019-09-27,COCOA_LDN,9,18.851744294592006
2019-10-04,COCOA,7,16.35723769865621
2019-10-11,LIVECOW,6,12.15222159286452
2019-10-18,LIVECOW,5,14.063146310238947
2019-10-25,CHEESE,5,15.686406896584394
2019-11-01,CHEESE,4,15.4057812987037
2019-11-08,EU-TRAVEL,13,18.257720849274644
2019-11-15,COCOA,6,14.186477703261703
2019-11-22,MILK,6,14.807349615818666
2019-11-29,US-HEALTH,3,17.393647860989702
2019-12-06,TOPIX,5,10.309289347026008
2019-12-13,SUGAR11,14,13.43277963885433
2019-12-20,US-HEALTH,3,13.411026353262649
2019-12-27,US-TECH,3,16.908623787847333
2020-01-03,AEX,6,16.95098123603516
2020-01-10,COCOA_LDN,7,11.188619953380602
2020-01-17,EU-UTILS,13,18.346766068681255
2020-01-24,EU-UTILS,15,18.22707259208241
2020-01-31,OAT,5,16.390372730295685
2020-02-07,EU-UTILS,12,17.354508071757525
2020-02-14,US-REALESTATE,7,15.690253351424369
2020-02-21,OAT,6,12.32373167314059
2020-02-28,V2X,31,18.024046583223985
2020-03-06,V2X,33,20.0
2020-03-13,V2X,11,19.811118687539484
2020-03-20,V2X,4,10.027257341279723
2020-03-27,BTP,3,18.691965191857832
2020-04-03,RICE,3,9.621058139825331
2020-04-10,CAC,4,7.7973606112216585
2020-04-17,NASDAQ_micro,4,8.880294378253568
2020-04-24,BTP,3,11.724994677075044
2020-05-01,OAT,4,18.126089495654202
2020-05-08,OJ,6,13.551257851231968
2020-05-15,OJ,5,9.538512542361172
2020-05-22,OJ,5,13.28808914640191
2020-05-29,EU-UTILS,9,16.808980839468152
2020-06-05,SUGAR_WHITE,10,19.40709647105375
2020-06-12,VIX_mini,12,13.77344321397865
2020-06-19,OAT,5,11.231271004081888
2020-06-26,OAT,5,11.992751254309285
2020-07-03,EU-UTILS,9,16.210378091447673
2020-07-10,NASDAQ_micro,7,12.942211244614631
2020-07-17,LIVECOW,4,16.2859719241332
2020-07-24,BTP,4,17.222868798838842
2020-07-31,BTP,5,16.326719320358276
2020-08-07,COCOA,7,19.66147799805255
2020-08-14,LIVECOW,4,15.417549248607882
2020-08-21,NASDAQ_micro,9,14.072516505866991
2020-08-28,CORN_mini,50,15.953334484166339
2020-09-04,V2X,19,17.72861369358127
2020-09-11,CORN_mini,61,18.44866043561277
2020-09-18,CORN_mini,52,19.291372244509173
2020-09-25,SUGAR_WHITE,9,9.21968031336997
2020-10-02,BTP,4,12.16266961275232
2020-10-09,SUGAR_WHITE,11,14.274488731137021
2020-10-16,CHEESE,3,20.0
2020-10-23,CORN_mini,54,17.71849018929318
2020-10-30,OAT,5,9.45434959911342
2020-11-06,SOYBEAN,5,16.20271384893964
2020-11-13,SOYBEAN,4,16.144852953286748
2020-11-20,COCOA,5,18.597799765136312
2020-11-27,TOPIX,4,15.988169608651267
2020-12-04,FTSE250,3,15.148273872292757
2020-12-11,COPPER-micro,17,15.669677457155961
2020-12-18,CANOLA,26,17.636512266966296
2020-12-25,CORN_mini,46,18.439745240661832
2021-01-01,CORN_mini,42,20.0
2021-01-08,COPPER-micro,20,16.392653708132215
2021-01-15,CORN_mini,18,18.949728935209016
2021-01-22,NASDAQ_micro,8,16.145523364699557
2021-01-29,CORN_mini,20,11.952514436547128
2021-02-05,EU-AUTO,4,13.163080819613752
2021-02-12,TOPIX,4,17.937152582576754
2021-02-19,SUGAR_WHITE,9,19.52215980435199
2021-02-26,COCOA,6,17.193906331041006
2021-03-05,COCOA_LDN,7,12.231715611922375
2021-03-12,LEANHOG,4,19.22255220356246
2021-03-19,TOPIX,4,17.632000352121338
2021-03-26,LEANHOG,3,15.03171041167507
2021-04-02,SP500_micro,13,12.905946395951569
2021-04-09,SP500_micro,16,16.910997949619812
2021-04-16,SUGAR11,7,16.7359895930275
2021-04-23,CORN,5,20.0
2021-04-30,OATIES,5,13.944511980201133
2021-05-07,CORN,4,20.0
2021-05-14,COCOA_LDN,6,13.355074330632304
2021-05-21,IBEX_mini,5,11.418575909389249
2021-05-28,EU-AUTO,4,14.323792638096329
2021-06-04,EU-AUTO,4,18.880809404534286
2021-06-11,US10,6,16.436017816248405
2021-06-18,SMI,3,15.513525967311969
2021-06-25,NASDAQ_micro,9,12.219641625456184
2021-07-02,SP500_micro,20,14.689133160393766
2021-07-09,US10,6,13.887135523545512
2021-07-16,OATIES,4,18.82992369945016
2021-07-23,OATIES,3,14.940929816890849
2021-07-30,BBCOMM,20,15.596523180670687
2021-08-06,BTP,5,14.275352735013309
2021-08-13,SUGAR_WHITE,8,18.154381992673787
2021-08-20,COCOA_LDN,8,11.474438091280726
2021-08-27,OJ,4,15.479101829804355
2021-09-03,US-REALESTATE,5,16.65642820403982
2021-09-10,TOPIX,4,15.303885066876205
2021-09-17,OATIES,4,18.031755638083904
2021-09-24,EUROSTX,7,10.818476804670752
2021-10-01,MILK,5,13.746396960183652
2021-10-08,OATIES,4,20.0
2021-10-15,EUROSTX,9,15.963643610542915
2021-10-22,MILK,4,17.845024286599834
2021-10-29,EU-UTILS,12,16.94148777559818
2021-11-05,NASDAQ_micro,7,19.018386286432854
2021-11-12,WHEAT,4,17.641159503488883
2021-11-19,NASDAQ_micro,7,16.255560652109775
2021-11-26,LIVECOW,5,17.711696964569615
2021-12-03,OAT,5,9.710426651902306
2021-12-10,SOYMEAL,3,9.250507241949473
2021-12-17,MILK,4,10.76880692549228
2021-12-24,SOYMEAL,3,16.762771107875096
2021-12-31,US-REALESTATE,6,16.24267487690908
2022-01-07,EU-BANKS,29,13.845875748798209
2022-01-14,COCOA,5,13.085428419385439
2022-01-21,SOYBEAN_mini,9,15.45751920875908
2022-01-28,SOYBEAN_mini,10,15.936988646683822
2022-02-04,SOYBEAN_mini,8,14.875571653435047
2022-02-11,COCOA,5,15.918892200771632
2022-02-18,GOLD_micro,11,15.20063378435289
2022-02-25,WHEAT_mini,7,17.093636815736463
2022-03-04,BBCOMM,8,18.09996688938632
2022-03-11,CORN,3,12.496506158776425
2022-03-18,EU-HEALTH,4,15.953993436913896
2022-03-25,NASDAQ_micro,5,14.309283220774923
2022-04-01,EU-UTILS,11,9.103426466197277
2022-04-08,EU-HEALTH,4,14.794617896923802
2022-04-15,BBCOMM,11,17.978330498043608
2022-04-22,SOYBEAN_mini,10,15.897877377148289
2022-04-29,CORN_mini,20,14.774016137402654
2022-05-06,BBCOMM,11,10.387686758942321
2022-05-13,WHEAT_mini,7,13.669049386669501
2022-05-20,SOYBEAN_mini,9,10.740627274197328
2022-05-27,EU-DJ-TELECOM,19,16.904071569170867
2022-06-03,DAX,17,13.124280418496589
2022-06-10,SOYBEAN_mini,8,10.702145003813207
2022-06-17,CORN_mini,16,9.110997938744596
2022-06-24,SHATZ,11,12.04399627887063
2022-07-01,SHATZ,12,13.745705385228836
2022-07-08,NASDAQ_micro,5,9.665205951624767
2022-07-15,SUGAR_WHITE,8,10.322389289655497
2022-07-22,FTSE250,4,14.469742683561376
2022-07-29,US-REALESTATE,4,16.99003589924742
2022-08-05,NASDAQ_micro,6,14.99322948549156
2022-08-12,BBCOMM,11,13.1252381954039
2022-08-19,EU-DJ-OIL,7,11.434092058301182
2022-08-26,EU-DJ-OIL,7,11.033705000283021
2022-09-02,COCOA_LDN,10,7.527039820881142
2022-09-09,EU-BANKS,25,7.435871669794008
2022-09-16,EU-BANKS,28,9.95068571611343
2022-09-23,OJ,4,13.576425668231229
2022-09-30,V2X,33,8.672233699206467
2022-10-07,SUGAR11,8,12.157467346338299
2022-10-14,CORN_mini,19,8.22311081030647
2022-10-21,LIVECOW,5,13.109747352810814
2022-10-28,EU-UTILS,9,14.800758510038678
2022-11-04,COCOA_LDN,8,13.79854161852608
2022-11-11,EU-UTILS,8,17.354322762583337
2022-11-18,CHEESE,4,9.090636984591645
2022-11-25,EU-UTILS,10,14.524029777933515
2022-12-02,US10,4,17.167370345830268
2022-12-09,COCOA,7,11.93760644793669
2022-12-16,US10,3,6.50110562753833
2022-12-23,COCOA_LDN,10,15.129805411359534
2022-12-30,LIVECOW,6,11.070264063051388
2023-01-06,COCOA_LDN,7,13.767961720118045
2023-01-13,GOLD_micro,14,16.46232069941183
2023-01-20,GOLD_micro,13,17.288789329241773
2023-01-27,SUGAR11,8,15.632895587307956
2023-02-03,EU-AUTO,3,16.857966612495012
2023-02-10,IBEX_mini,7,15.164058287182035
2023-02-17,COCOA,5,15.179653733967235
2023-02-24,SUGAR_WHITE,8,13.290650290987116
2023-03-03,IBEX_mini,7,12.041983679559353
2023-03-10,IBEX_mini,7,12.720240885578782
2023-03-17,NASDAQ_micro,5,12.213486774294955
2023-03-24,GOLD_micro,9,14.904239029454075
2023-03-31,SUGAR_WHITE,7,18.277353509099544
2023-04-07,SUGAR11,5,20.0
2023-04-14,EU-HEALTH,5,17.259110874623044
2023-04-21,SUGAR_WHITE,5,19.1913010832246
2023-04-28,SUGAR11,4,16.572484333574987
2023-05-05,GOLD_micro,11,12.65902972766918
2023-05-12,OAT,3,8.127183412953261
2023-05-19,NASDAQ_micro,7,17.885092109083168
2023-05-26,NASDAQ_micro,6,11.443495413268671
2023-06-02,LIVECOW,3,18.654111722026837
2023-06-09,COCOA_LDN,7,17.061432527306557
2023-06-16,COCOA_LDN,5,18.42698406332343
2023-06-23,OATIES,4,15.965490467525326
2023-06-30,LIVECOW,4,15.218060996949093
2023-07-07,V2X,29,7.934513515865376
2023-07-14,NASDAQ_micro,6,14.922566967134562
2023-07-21,SUGAR_WHITE,6,14.515962751630283
2023-07-28,EU-MEDIA,7,14.182323457171863
2023-08-04,V2X,40,8.366194127703588
2023-08-11,EU-DJ-OIL,7,12.817973447465093
2023-08-18,COCOA_LDN,5,11.006275863445252
2023-08-25,OATIES,3,15.508856029872144
2023-09-01,COCOA_LDN,5,16.331526573437102
2023-09-08,SUGAR11,4,13.453728845155458
2023-09-15,EU-DJ-OIL,8,17.78164976317472
2023-09-22,VIX_mini,36,6.96923750243716
2023-09-29,EU-DJ-OIL,8,9.623191046333796
2023-10-06,SHATZ,30,9.348994575040146
2023-10-13,EU-MEDIA,9,15.897778365844013
2023-10-20,SOYMEAL,3,16.281407056871803
2023-10-27,COCOA_LDN,5,19.643077949120023
2023-11-03,COCOA,6,15.005061528335212
2023-11-10,COCOA_LDN,5,17.386241043422427
2023-11-17,BTP,3,15.46957989022045
2023-11-24,EU-MEDIA,11,14.612876781701033
2023-12-01,DOW,17,18.965587093507114
2023-12-08,EURIBOR,10,16.04127258764419
2023-12-15,DOW,15,17.18308865403853
2023-12-22,EURIBOR,9,18.664407186481558
2023-12-29,EURIBOR,9,20.0
2024-01-05,EU-HEALTH,3,15.375288733430407
2024-01-12,US2,8,11.252647065498637
2024-01-19,SUGAR_WHITE,6,14.087417154502008
2024-01-26,EU-MEDIA,10,19.220185871557483
2024-02-02,COCOA_LDN,4,19.124642944059786
2024-02-09,EU-TECH,5,14.91920077885439
2024-02-16,COTTON2,3,13.501392540433578
2024-02-23,EU-AUTO,4,15.277059045378905
2024-03-01,DAX,24,13.607892260785171
2024-03-08,GOLD_micro,13,16.672408676961496
2024-03-15,COPPER-micro,16,11.998947072526361
2024-03-22,FTSE100,4,14.520831767850844
2024-03-29,GOLD_micro,12,18.32493709500511
2024-04-05,GOLD_micro,12,18.32493709500511
2024-04-12,GOLD_micro,12,18.32493709500511
2025-04-04,GOLD_micro,12,18.78883080309865
2025-04-11,BOBL,3,11.58604822151659
2025-04-18,BOBL,3,14.704042185429712
2025-04-25,BOBL,3,13.85164499540172
2025-05-02,BOBL,3,12.507576109229348
2025-05-09,EU-BANKS,4,8.638186164464074
2025-05-16,EU-BANKS,5,12.706022659658677
2025-05-23,EU-BANKS,6,14.984186294233083
2025-05-30,EU-BANKS,6,12.369458176525201
2025-06-06,EU-BANKS,6,12.402495733131204
2025-06-13,EU-DJ-OIL,4,13.908566406524846
2025-06-20,EU-DJ-OIL,4,15.49431949631685
2025-06-27,EU-DJ-OIL,4,11.257283515219063
2025-07-04,SP500_micro,3,19.456568172304994
2025-07-11,SP500_micro,3,18.707627887785147
2025-07-18,SP500_micro,4,17.21066396723621
2025-07-25,SP500_micro,4,19.074238158268567
2025-08-01,EU-BANKS,6,18.437202568409628
2025-08-08,EU-BANKS,5,18.06563128743684
2025-08-15,EU-BANKS,6,19.290372370151285
2025-08-22,EU-BANKS,6,18.645825575741664
2025-08-29,SP500_micro,4,16.58001201105955
2025-09-05,SP500_micro,4,14.077818645831373
2025-09-12,TOPIX,5,19.040718361264883
2025-09-19,SP500_micro,4,19.15422113284437
2025-09-26,NIKKEI,3,18.054095938158785
2025-10-03,SP500_micro,5,19.15115806388204
2025-10-10,TOPIX,4,19.97325161938409
2025-10-17,TOPIX,4,12.618776975990393
2025-10-24,TOPIX,3,15.16906412335212
2025-10-31,IBEX_mini,12,17.254216283690003
2025-11-07,IBEX_mini,12,18.270022350650002
2025-11-14,EU-BANKS,6,19.60637504051977
2025-11-21,TOPIX,3,9.006381677160606
2025-11-28,EU-BANKS,5,15.439952911667868
2025-12-05,EU-BANKS,6,18.438656825303884
2025-12-12,EU-BANKS,6,20.0
2025-12-19,EU-BANKS,6,20.0
2025-12-26,EU-BANKS,7,20.0
2026-01-02,EU-BANKS,6,20.0
2026-01-09,IBEX_mini,6,19.216451679546605
2026-01-16,EU-BANKS,7,20.0
2026-01-23,EU-DJ-OIL,3,20.0
2026-01-30,EU-DJ-OIL,3,20.0
2026-02-06,EU-DJ-OIL,3,19.48519795060983
2026-02-13,TOPIX,3,20.0
2026-02-20,TOPIX,3,18.956427488418534
2026-02-27,TOPIX,3,19.067740675055536
2026-03-06,EU-DJ-TELECOM,3,12.511618479554153
2026-03-13,EU-DJ-TELECOM,3,11.567800161481985
2026-03-20,EU-DJ-TELECOM,3,8.991463549724482
2026-03-27,NIKKEI,3,0.9093073793159193
