entry_date,instrument,contracts,entry_price,entry_fx,open_cost_usd,close_cost_usd,exit_date,exit_price,gross_pnl_usd,forecast_at_entry
2015-01-09,COCOA_LDN,6,1276.0,1.50998,289.91616,291.93024,2015-01-15 16:00:00,1276.0,0.0,15.30578894973438
2015-01-16,BUND,5,129.92,1.17398,30.52348,30.055999999999997,2015-01-22 23:00:00,129.97,0.0,18.823304770095863
2015-01-23,DAX,17,12230.0,1.156,17.09724,15.886896,2015-02-05 21:00:00,12619.0,0.0,18.12839002775335
2015-02-06,CAC,4,3634.8,1.1413,20.08688,19.943616000000002,2015-02-12 23:00:00,3680.8,0.0,13.103085431806832
2015-02-13,BOBL,16,122.43999999999998,1.13316,92.465856,92.97830400000001,2015-02-19 23:00:00,122.40999999999998,0.0,14.414607192275142
2015-02-20,CAC,4,3757.3,1.13944,20.054144,19.937984000000004,2015-02-26 23:00:00,3836.3,0.0,14.993040274913888
2015-02-27,DAX,28,13047.0,1.13284,27.5959824,26.997700799999997,2015-03-05 21:00:00,13232.0,0.0,17.023228743013927
2015-03-06,CAC,5,3890.3,1.10828,24.38216,23.31934,2015-03-12 23:00:00,3930.8,0.0,15.42811718002797
2015-03-13,TOPIX,6,1110.0,0.00823925,11.86452,12.0412224,2015-04-02 23:00:00,1132.0,0.0,16.912470376830047
2015-04-03,IBEX_mini,5,8984.2,1.07984,13.498,13.463875,2015-04-09 23:00:00,9081.7,0.0,13.872933357802301
2015-04-10,CAC,4,4162.8,1.07711,18.957136000000002,18.798208,2015-04-16 23:00:00,4153.8,0.0,17.685372036381555
2015-04-17,BUND,8,134.85,1.06808,44.432128,44.700032,2015-04-23 23:00:00,133.69,0.0,19.009561233447215
2015-04-24,TOPIX,6,1197.0,0.00833921,12.008462399999999,10.034352,2015-05-14 23:00:00,1162.0,0.0,17.93148857988798
2015-05-15,COCOA,6,3012.0,1.0,234.0,234.0,2015-05-18 15:00:00,3058.0,3300.0,17.304349676962033
2015-05-22,TOPIX,6,1218.0,0.00833921,12.008462399999999,11.6108352,2015-06-18 23:00:00,1187.5,0.0,16.857127051739436
2015-06-19,COCOA,6,3213.0,1.0,234.0,234.0,2015-06-25 17:00:00,3201.0,-1140.0,17.118467216846312
2015-06-26,TOPIX,6,1241.5,0.00806308,11.6108352,11.7171648,2015-07-02 23:00:00,1224.0,0.0,12.904385103381516
2015-07-03,CORN,3,547.0,1.0,24.0,24.0,2015-07-16 23:00:00,549.25,-375.0,16.060678297334892
2015-07-17,NASDAQ_micro,17,5838.5,1.0,8.16,8.16,2015-07-23 23:00:00,5850.75,-837.25,12.22026809214821
2015-07-24,BTP,3,98.40999999999995,1.0951,20.69739,20.764484999999997,2015-07-30 23:00:00,99.32999999999994,0.0,12.69241125778251
2015-07-31,BOBL,16,122.56999999999998,1.09865,89.64984,88.91544,2015-08-06 23:00:00,122.50999999999998,0.0,15.441141919216895
2015-08-07,CAC,4,4234.8,1.08965,19.177840000000003,19.584576000000002,2015-08-13 23:00:00,4026.8,0.0,12.83691104963824
2015-08-14,TOPIX,5,1245.5,0.00803855,9.64626,9.675696,2015-08-20 23:00:00,1197.0,0.0,8.601839716432407
2015-08-21,BUND,4,130.89,1.11201,23.129808,23.611328,2015-08-27 23:00:00,128.9,0.0,12.147108785834549
2015-08-28,COPPER-micro,24,2.8205000000000013,1.0,42.0,42.0,2015-09-03 23:00:00,2.8350000000000013,600.000000000015,7.611809652743027
2015-09-04,SUGAR_WHITE,7,150.0,1.0,70.0,70.0,2015-09-10 16:00:00,144.20000000000005,-2064.9999999999923,11.391207071845002
2015-09-11,COCOA_LDN,6,1489.0,1.53878,295.44576,297.1776,2015-09-17 15:00:00,1490.0,0.0,10.46088986871355
2015-09-18,BOBL,15,122.73999999999997,1.13029,86.46718500000001,85.592025,2015-09-24 23:00:00,122.95999999999997,0.0,9.675438986114264
2015-09-25,COCOA_LDN,7,1531.0,1.52724,342.10176,339.22112,2015-10-01 15:00:00,1433.0,0.0,9.27730172810559
2015-10-02,SUGAR_WHITE,8,173.3,1.0,80.0,80.0,2015-10-08 16:00:00,186.9,5280.000000000007,17.044066668923524
2015-10-09,SUGAR11,10,13.90999999999999,1.0,56.00000000000001,56.00000000000001,2015-10-15 16:00:00,14.079999999999991,2015.9999999999964,17.52678136415235
2015-10-16,OJ,4,37.20000000000008,1.0,438.0,438.0,2015-10-22 17:00:00,41.45000000000008,1560.000000000018,13.242526433325486
2015-10-23,SUGAR11,8,14.43999999999999,1.0,44.800000000000004,44.800000000000004,2015-10-29 16:00:00,14.329999999999991,-806.3999999999669,12.634080821920634
2015-10-30,BTP,4,104.57999999999996,1.09774,27.663047999999996,27.33444,2015-11-05 23:00:00,102.67999999999996,0.0,15.698634683389274
2015-11-06,NASDAQ_micro,16,5966.25,1.0,7.68,7.68,2015-11-12 23:00:00,5872.0,-2532.0,11.536832977105577
2015-11-13,COCOA_LDN,7,1568.0,1.5216,340.83840000000004,341.93152,2015-11-19 16:00:00,1600.0,0.0,14.694367101827519
2015-11-20,BUND,4,133.08,1.0697299999999998,22.250383999999997,22.062143999999996,2015-11-26 23:00:00,133.41000000000005,0.0,11.995123689596028
2015-11-27,BTP,4,105.75999999999998,1.0606799999999998,26.729135999999997,27.277991999999998,2015-12-03 23:00:00,103.80999999999996,0.0,18.098100660325688
2015-12-04,COCOA_LDN,7,1622.0,1.50724,337.62176,339.81024,2015-12-10 16:00:00,1594.0,0.0,12.154391710192934
2015-12-11,WHEAT_mini,29,934.375,1.0,81.2,81.2,2015-12-17 23:00:00,923.375,-2392.5,8.557839507412906
2015-12-18,FTSE250,5,14613.0,1.49219,141.75805,138.66485,2016-01-07 15:00:00,14180.0,0.0,5.799641278398252
2016-01-08,GOLD_micro,17,1478.0000000000005,1.0,14.960000000000003,14.960000000000003,2016-01-14 23:00:00,1446.0000000000005,-4054.4999999999845,13.128622264671913
2016-01-15,SUGAR_WHITE,8,216.8,1.0,80.0,80.0,2016-01-21 17:00:00,214.0,79.99999999999545,10.53240093800584
2016-01-22,BUND,4,135.13,1.0848,22.56384,23.223200000000002,2016-02-04 23:00:00,137.15,0.0,18.12729516955753
2016-02-05,GOLD_micro,12,1525.6000000000004,1.0,10.560000000000002,5.280000000000001,2016-02-18 23:00:00,1605.0000000000005,-732.0000000000027,13.424054907489612
2016-02-19,BUND,3,138.65,1.1116,17.34096,17.180592000000004,2016-02-25 23:00:00,139.63,0.0,12.16295983091819
2016-02-26,SUGAR11,7,14.399999999999991,1.0,39.2,39.2,2016-03-03 17:00:00,14.90999999999999,3763.1999999999757,15.674878066696913
2016-03-04,SUGAR_WHITE,10,219.1,1.0,100.0,100.0,2016-03-10 17:00:00,226.1,2700.0000000000027,18.05752598881927
2016-03-11,LEANHOG,6,145.72500000000002,1.0,40.800000000000004,40.800000000000004,2016-03-17 23:00:00,146.575,2100.0,13.329716318285222
2016-03-18,SUGAR11,8,16.089999999999996,1.0,44.800000000000004,44.800000000000004,2016-03-24 16:00:00,16.07999999999999,895.9999999999491,19.732285735900483
2016-03-25,OJ,5,43.15000000000006,1.0,547.5,547.5,2016-04-07 17:00:00,51.50000000000003,-2700.0000000000177,12.231236832327916
2016-04-08,BUND,5,140.5,1.1373976469,29.5723388194,29.28900027274,2016-04-14 23:00:00,139.41,0.0,14.75506330063449
2016-04-15,SOYBEAN_mini,7,831.125,1.0,24.5,17.5,2016-05-05 23:00:00,888.625,-900.0,12.16260343001195
2016-05-06,BOBL,32,125.53999999999998,1.14045000076,186.12144012403203,184.54654197619203,2016-05-12 23:00:00,125.54999999999995,0.0,12.705251751847024
2016-05-13,SOYBEAN_mini,4,949.125,1.0,14.0,14.0,2016-05-26 23:00:00,956.375,160.0,15.082390055943769
2016-05-27,CAC,4,3687.3,1.1115499734899998,19.563279533423998,20.00416030888,2016-06-02 23:00:00,3687.3,0.0,13.93671280424276
2016-06-03,OJ,4,66.10000000000005,1.0,438.0,438.0,2016-06-09 17:00:00,75.45000000000002,6300.0,17.52402323481533
2016-06-10,SOYBEAN_mini,4,1050.625,1.0,14.0,14.0,2016-06-16 23:00:00,1011.875,-1740.0,18.240720981646977
2016-06-17,LEANHOG,4,153.00499999999997,1.0,27.200000000000003,27.200000000000003,2016-06-23 23:00:00,150.28,-4367.999999999938,14.034773279311025
2016-06-24,OJ,4,80.85000000000005,1.0,438.0,438.0,2016-06-30 17:00:00,85.80000000000004,6060.000000000013,15.437361868272317
2016-07-01,SOYBEAN_mini,4,1054.625,1.0,14.0,14.0,2016-07-07 23:00:00,923.375,-4670.0,14.068143688098607
2016-07-08,COCOA_LDN,7,1862.0,1.29498457909,290.07654571616,295.23407363968005,2016-07-14 15:00:00,1833.0,0.0,20.0
2016-07-15,US-MATERIAL,3,551.2,1.0,90.0,90.0,2016-07-21 19:00:00,549.3999999999999,-1110.0000000000136,13.41637402044978
2016-07-22,NASDAQ_micro,20,5929.0,1.0,9.6,8.16,2016-08-18 23:00:00,6096.5,318.75,13.238223237124979
2016-08-19,COCOA,7,3097.0,1.0,273.0,273.0,2016-08-25 17:00:00,3014.0,-5390.0,16.11067710474984
2016-08-26,OJ,4,96.35000000000004,1.0,438.0,438.0,2016-09-01 17:00:00,101.60000000000004,4200.0,6.991944646167442
2016-09-02,US-FINANCE,3,260.20000000000016,1.0,90.0,90.0,2016-09-08 19:00:00,260.65000000000015,-862.5000000000257,6.291605798718689
2016-09-09,OJ,3,105.45000000000007,1.0,328.5,328.5,2016-09-15 17:00:00,105.05000000000004,-540.0000000000014,12.721492895614418
2016-09-16,COPPER-micro,46,2.615000000000001,1.0,80.5,80.5,2016-09-22 23:00:00,2.646000000000001,3564.9999999999645,9.708328985559854
2016-09-23,OJ,3,113.95000000000007,1.0,328.5,328.5,2016-09-29 17:00:00,114.20000000000007,382.50000000001614,12.258366059820666
2016-09-30,BUND,4,145.71,1.12447988987,23.389181709296,23.307934188864,2016-10-06 23:00:00,143.94,0.0,8.749246085937711
2016-10-07,NASDAQ_micro,17,6164.25,1.0,8.16,8.16,2016-10-13 23:00:00,6089.0,-2694.5,6.3178722369915805
2016-10-14,WHEAT_mini,27,814.375,1.0,75.60000000000001,75.60000000000001,2016-10-20 23:00:00,819.375,675.0,11.120832441054977
2016-10-21,CAC,4,3777.3,1.08873164654,19.161676979104005,19.336409568784,2016-10-27 23:00:00,3756.8,0.0,8.133663898309077
2016-10-28,OJ,4,124.55000000000004,1.0,438.0,438.0,2016-11-03 17:00:00,132.35000000000005,4140.00000000002,16.638371971132095
2016-11-04,CHEESE,4,2.6850000000000005,1.0,168.0,168.0,2016-11-10 23:00:00,2.705000000000001,1360.0000000000277,13.356750281849322
2016-11-11,US-MATERIAL,3,554.5999999999999,1.0,90.0,90.0,2016-11-17 21:00:00,550.3,119.99999999995907,12.538855508951066
2016-11-18,LIVECOW,4,160.33499999999998,1.0,38.4,38.4,2016-11-23 23:00:00,162.15999999999997,3039.9999999999636,13.156823923842358
2016-11-25,US-MATERIAL,4,562.0999999999999,1.0,120.0,120.0,2016-12-01 21:00:00,567.4000000000001,1920.0000000000728,15.129567394870946
2016-12-02,MILK,5,24.94000000000001,1.0,250.0,250.0,2016-12-08 21:00:00,24.830000000000013,-1099.999999999959,15.737144274025397
2016-12-09,US-MATERIAL,4,584.2,1.0,120.0,120.0,2016-12-15 20:00:00,578.2,-2359.9999999999454,18.45255193751527
2016-12-16,LEANHOG,5,137.575,1.0,34.0,34.0,2016-12-22 23:00:00,137.625,560.0000000000591,16.449594428427154
2016-12-23,LIVECOW,4,168.30999999999997,1.0,38.4,38.4,2016-12-29 23:00:00,169.16,1120.0000000000273,14.748921204852843
2016-12-30,GILT,3,104.47,1.22936201096,18.440430164400002,18.61989498135,2017-01-05 17:00:00,103.66,0.0,15.082469776894449
2017-01-06,WHEAT_mini,39,803.875,1.0,109.20000000000002,109.20000000000002,2017-01-12 23:00:00,796.125,-3802.5,14.727486600406067
2017-01-13,COPPER-micro,21,3.1125000000000007,1.0,36.75,36.75,2017-01-19 23:00:00,3.065000000000001,-2624.999999999991,10.561651183250468
2017-01-20,LIVECOW,4,173.26,1.0,38.4,38.4,2017-01-26 23:00:00,170.735,-3311.9999999999436,14.836076776772005
2017-01-27,NASDAQ_micro,20,6441.5,1.0,9.6,9.6,2017-02-02 23:00:00,6426.5,-585.0,15.465179761503121
2017-02-03,SHATZ,46,110.81000000000002,1.07654213905,123.80234599075001,122.6143455506,2017-02-09 23:00:00,110.88500000000002,0.0,11.254166753540945
2017-02-10,WHEAT_mini,39,821.375,1.0,109.20000000000002,109.20000000000002,2017-02-16 23:00:00,823.125,195.0,13.926449266832613
2017-02-17,NASDAQ_micro,24,6596.25,1.0,11.52,11.52,2017-02-23 23:00:00,6625.5,1866.0,16.954982083904287
2017-02-24,SHATZ,38,111.20500000000004,1.05574321747,100.29560565965001,99.81088936364999,2017-03-02 23:00:00,111.06500000000004,0.0,19.679194349166576
2017-03-03,SP500_micro,19,2602.75,1.0,12.35,12.35,2017-03-09 23:00:00,2586.5,-1579.375,11.941502867217727
2017-03-10,IBEX_mini,6,8083.3,1.05887329578,15.8830994367,18.583413064475003,2017-04-13 23:00:00,8466.400000000001,0.0,14.415105860619457
2017-04-14,FTSE250,5,17503.5,1.25078177452,118.82426857940001,121.6186833384,2017-04-20 15:00:00,17342.5,0.0,15.15420647663177
2017-04-21,IBEX_mini,7,8505.400000000001,1.07148981094,18.75107169145,13.726912438874999,2017-05-04 23:00:00,9165.9,0.0,11.644790525613715
2017-05-05,CAC,4,4639.3,1.09815299511,19.327492713936,19.122327423056003,2017-05-11 23:00:00,4676.3,0.0,19.60444209549924
2017-05-12,IBEX_mini,5,9024.2,1.08649587631,13.581198453875002,13.891975581625,2017-05-18 23:00:00,8854.2,0.0,14.268438564083477
2017-05-19,BTP,8,106.14999999999996,1.11135804653,56.012445545111994,56.502241801992,2017-05-25 23:00:00,106.22999999999998,0.0,14.664257440145692
2017-05-26,NASDAQ_micro,18,7071.25,1.0,8.64,9.6,2017-06-08 23:00:00,7176.0,180.0,17.110046164528203
2017-06-09,BTP,6,106.31999999999996,1.11848056316,42.278565287448004,42.135302495915994,2017-06-15 23:00:00,108.44999999999996,0.0,16.084011802257976
2017-06-16,WHEAT_mini,28,808.625,1.0,78.4,78.4,2017-06-22 23:00:00,813.875,840.0,11.488844358068718
2017-06-23,TOPIX,6,1247.0,0.00898553337902,12.939168065788799,12.856109440320001,2017-06-29 23:00:00,1263.0,0.0,11.532888081838786
2017-06-30,WHEAT,6,762.0,1.0,48.0,48.0,2017-07-06 23:00:00,812.5,14550.0,15.587829773220415
2017-07-07,TOPIX,7,1252.5,0.00883790384978,14.847678467630399,15.015416890387199,2017-07-20 23:00:00,1269.0,0.0,10.011515807479853
2017-07-21,US-TECH,6,752.1000000000003,1.0,210.0,210.0,2017-07-27 19:00:00,751.7000000000002,1679.9999999999727,15.702672996815297
2017-07-28,FTSE250,6,18003.0,1.30766808987,149.07416224518,149.84227466568,2017-08-03 15:00:00,18007.5,0.0,11.654983498406429
2017-08-04,PLAT,3,1085.5999999999997,1.0,34.5,34.5,2017-08-10 23:00:00,1104.4999999999995,2437.5,13.299762822513719
2017-08-11,BUND,4,143.9,1.17702448368,24.482109260544,24.368243217552003,2017-08-17 23:00:00,143.98,0.0,15.573768268305008
2017-08-18,GOLD_micro,14,1631.0,1.0,12.320000000000002,12.320000000000002,2017-08-24 23:00:00,1628.5,-350.0,9.18337352416055
2017-08-25,SHATZ,43,111.095,1.18021953106,126.87359958895001,129.31242197712498,2017-09-07 23:00:00,111.22000000000004,0.0,13.136719490335429
2017-09-08,US-HEALTH,4,931.7999999999996,1.0,120.0,120.0,2017-09-21 19:00:00,928.4999999999995,-5160.000000000036,17.571209446553713
2017-09-22,TOPIX,6,1313.0,0.00889268238097,12.8054626285968,12.768900096412798,2017-10-05 23:00:00,1339.5,0.0,13.911150451520749
2017-10-06,US-FINANCE,3,341.6500000000002,1.0,90.0,90.0,2017-10-12 20:00:00,339.0500000000002,-2925.0000000000255,17.20688321165861
2017-10-13,TOPIX,7,1357.0,0.00890955887735,14.968058913948,12.698189020151998,2017-11-16 23:00:00,1420.5,0.0,17.495527484994135
2017-11-17,NASDAQ_micro,17,7619.75,1.0,8.16,8.64,2017-11-30 23:00:00,7629.75,-1633.5,14.624537022513886
2017-12-01,NIKKEI,4,19065.0,0.00888446625322,12.082874104379199,12.0170008391136,2017-12-07 23:00:00,18835.0,0.0,14.782773604476306
2017-12-08,SHATZ,42,111.30500000000002,1.17721843719,123.60793590495001,123.63705039000001,2017-12-14 23:00:00,111.24000000000002,0.0,13.664301113298762
2017-12-15,TOPIX,5,1459.5,0.00889711361378,10.676536336536001,10.631229355932,2017-12-28 23:00:00,1476.0,0.0,12.890094500215739
2017-12-29,SUGAR_WHITE,10,206.39999999999992,1.0,100.0,100.0,2018-01-04 17:00:00,210.39999999999992,2300.000000000012,13.347171447673128
2018-01-05,US-MATERIAL,5,705.7,1.0,150.0,150.0,2018-01-11 20:00:00,713.7,3200.0000000000455,18.643685564029358
2018-01-12,TOPIX,5,1540.0,0.00898521021008,10.782252252096,10.80827862024,2018-01-18 23:00:00,1534.5,0.0,19.118100473506896
2018-01-19,US-TECH,4,854.5000000000002,1.0,140.0,140.0,2018-01-25 21:00:00,858.9000000000002,1919.9999999999818,17.499557617607486
2018-01-26,US-HEALTH,3,1008.3999999999996,1.0,90.0,90.0,2018-02-01 20:00:00,992.9999999999995,-7680.000000000006,16.5667212597502
2018-02-02,COCOA,7,2005.0,1.0,273.0,273.0,2018-02-08 18:00:00,2000.0,350.0,13.936038321963645
2018-02-09,WHEAT_mini,36,752.125,1.0,100.80000000000001,100.80000000000001,2018-02-15 23:00:00,750.375,990.0,7.718477377385697
2018-02-16,COCOA,6,2079.0,1.0,234.0,234.0,2018-02-22 18:00:00,2088.0,300.0,14.377170815713749
2018-02-23,LEANHOG,4,141.625,1.0,27.200000000000003,27.200000000000003,2018-03-01 23:00:00,138.52499999999998,-4560.000000000036,9.762176679021158
2018-03-02,COCOA_LDN,6,984.0,1.3802,264.9984,223.072,2018-03-15 16:00:00,1166.0,0.0,19.126664321067683
2018-03-16,OAT,3,137.61,1.22303211689,26.417493724824002,26.417493724824002,2018-03-22 23:00:00,138.26000000000005,0.0,13.41948957321184
2018-03-23,SHATZ,42,111.24500000000002,1.22303211689,128.41837227345,129.404625,2018-03-29 23:00:00,111.25,0.0,17.205235685130777
2018-03-30,OAT,4,139.15000000000003,1.232425,35.493840000000006,35.36856,2018-04-05 23:00:00,138.62,0.0,15.669736528772594
2018-04-06,CHEESE,6,2.3420000000000005,1.0,252.0,252.0,2018-04-12 20:00:00,2.357,1799.9999999999611,5.74930533070422
2018-04-13,FTSE250,5,18224.5,1.423745,135.255775,157.10739,2018-04-26 15:00:00,18643.5,0.0,9.90488374871133
2018-04-27,OJ,5,78.45000000000002,1.0,547.5,547.5,2018-05-10 17:00:00,92.4,7350.000000000008,16.16352157604967
2018-05-11,US-TECH,3,874.5000000000001,1.0,105.0,105.0,2018-05-17 19:00:00,866.2000000000002,-2339.9999999999864,18.042371730469224
2018-05-18,FTSE250,6,19520.5,1.347085,153.56769,151.64849999999998,2018-05-24 15:00:00,19545.5,0.0,18.0934898681156
2018-05-25,SHATZ,41,111.33500000000002,1.16519,119.431975,119.513975,2018-05-31 23:00:00,111.40000000000002,0.0,14.30061123543105
2018-06-01,SUGAR11,9,12.499999999999988,1.0,50.400000000000006,50.400000000000006,2018-06-07 16:00:00,11.519999999999987,-10180.800000000016,15.13881143472972
2018-06-08,NASDAQ_micro,12,8409.125,1.0,5.76,5.76,2018-06-15 00:00:00,8543.0,4800.0,17.71457848666978
2018-06-15,BUND,8,146.48000000000002,1.16075,48.2872,48.489168,2018-06-21 23:00:00,147.86,0.0,11.711322128621248
2018-06-22,BOBL,22,129.53999999999996,1.165605,130.78088100000002,131.125896,2018-06-28 23:00:00,129.44999999999993,0.0,12.675277394676288
2018-06-29,OAT,4,140.58000000000004,1.16868,33.657984,33.82776,2018-07-05 23:00:00,141.44000000000003,0.0,8.776216158148793
2018-07-06,OJ,4,93.60000000000004,1.0,438.0,438.0,2018-07-12 17:00:00,91.95000000000002,389.99999999998636,12.067891156432841
2018-07-13,US-HEALTH,3,981.1999999999996,1.0,90.0,90.0,2018-07-19 19:00:00,977.4999999999995,-1350.0,15.617693499960133
2018-07-20,GILT,5,108.57000000000004,1.31356,32.839,32.7675,2018-07-26 16:00:00,107.62000000000003,0.0,15.14792032666764
2018-07-27,US-INDUSTRY,3,824.2999999999995,1.0,90.0,90.0,2018-08-02 19:00:00,822.1999999999995,-1169.9999999999932,14.885374014509715
2018-08-03,OATIES,8,-51.0,1.0,196.0,196.0,2018-08-09 23:00:00,-31.75,7300.0,8.60420938258171
2018-08-10,US-TECH,4,909.1,1.0,140.0,140.0,2018-08-16 19:00:00,902.5,-880.0000000000637,10.219211355283203
2018-08-17,US-HEALTH,3,1014.7999999999996,1.0,90.0,90.0,2018-08-23 19:00:00,1020.8999999999996,1860.0000000000136,14.161553672635444
2018-08-24,COCOA,4,2212.0,1.0,156.0,156.0,2018-08-30 17:00:00,2152.0,-2480.0,13.190483629064191
2018-08-31,US-HEALTH,4,1034.5999999999997,1.0,120.0,120.0,2018-09-06 19:00:00,1029.5999999999997,-1159.9999999999454,12.731581186730212
2018-09-07,LEANHOG,3,131.68,1.0,20.400000000000002,20.400000000000002,2018-09-13 23:00:00,131.055,420.0000000000273,12.453490108002796
2018-09-14,SUGAR11,8,11.199999999999989,1.0,44.800000000000004,44.800000000000004,2018-09-20 17:00:00,10.41999999999999,-6540.799999999987,13.569578730558256
2018-09-21,US-HEALTH,3,1049.5999999999997,1.0,90.0,90.0,2018-09-27 19:00:00,1055.9,1890.0000000001228,15.99419650114705
2018-09-28,NIKKEI,4,20530.0,0.0087951907896762,11.961459473959634,11.957778490945842,2018-10-04 23:00:00,20605.0,0.0,15.084954473094136
2018-10-05,SUGAR11,7,11.14999999999999,1.0,39.2,39.2,2018-10-11 16:00:00,11.73999999999999,4155.200000000009,13.451201019395839
2018-10-12,SUGAR_WHITE,8,178.5,1.0,80.0,80.0,2018-10-18 16:00:00,194.9,5800.0,16.046705696075946
2018-10-19,SUGAR11,8,12.559999999999988,1.0,44.800000000000004,44.800000000000004,2018-10-25 16:00:00,12.629999999999988,985.6000000000108,15.339646178215462
2018-10-26,GILT,5,107.58000000000006,1.282775,32.069375,32.41125,2018-11-01 18:00:00,107.42000000000004,0.0,13.51879208531931
2018-11-02,SOYBEAN,4,820.75,1.0,34.0,34.0,2018-11-08 23:00:00,822.5,800.0,10.300596453846167
2018-11-09,SP500_micro,22,3012.25,1.0,14.3,14.3,2018-11-15 23:00:00,2938.5,-7782.5,9.194106769681902
2018-11-16,GILT,3,108.51000000000003,1.28313,19.246950000000002,19.2165,2018-11-22 18:00:00,107.93000000000004,0.0,13.902181713929728
2018-11-23,VIX_mini,31,40.04000000000003,1.0,74.39999999999999,74.39999999999999,2018-11-29 23:00:00,38.64000000000002,-1859.9999999999823,7.352047745760264
2018-11-30,BTP,6,104.92999999999996,1.131615,42.775047,43.045695,2018-12-06 23:00:00,105.18999999999994,0.0,13.485823726406514
2018-12-07,GILT,4,109.49000000000004,1.2722950000000002,25.4459,25.169999999999998,2018-12-13 17:00:00,109.58000000000006,0.0,11.704833627417713
2018-12-14,COCOA,5,2111.0,1.0,195.0,195.0,2018-12-20 18:00:00,2130.0,1600.0,10.169974019525235
2018-12-21,VIX_mini,20,41.79000000000003,1.0,48.0,45.6,2019-01-04 00:00:00,42.75000000000002,303.9999999999934,12.631170697787546
2019-01-04,BUND,9,152.29,1.139565,53.331642,53.672346,2019-01-10 23:00:00,151.36,0.0,9.988781906050816
2019-01-11,FTSE250,5,17251.5,1.283735,121.954825,122.287325,2019-01-17 16:00:00,17386.5,0.0,11.755803651193617
2019-01-18,SP500_micro,22,2854.5,1.0,14.3,14.3,2019-01-24 23:00:00,2855.5,-687.5,13.699276792366133
2019-01-25,OAT,10,143.34000000000003,1.140735,82.13292,82.48572,2019-01-31 23:00:00,143.68,0.0,11.894471238400769
2019-02-01,EURIBOR-ICE,38,100.385,1.145635,272.0883125,268.8868125,2019-02-07 23:00:00,100.36,0.0,14.734128429697193
2019-02-08,BOBL,32,130.91000000000005,1.132155,184.76769600000003,184.294416,2019-02-14 23:00:00,130.84000000000003,0.0,13.156715826516015
2019-02-15,GILT,5,110.22000000000006,1.2890549999999998,32.226375,32.63375,2019-02-21 17:00:00,109.73000000000006,0.0,8.01422160255841
2019-02-22,FTSE250,7,18083.0,1.30535,173.61155,175.689675,2019-02-28 16:00:00,18031.0,0.0,12.682820666895047
2019-03-01,EU-BANKS,29,74.5,1.136585,47.79339925,47.246118500000016,2019-03-07 20:00:00,70.0,0.0,13.280966590813074
2019-03-08,BTP,5,113.62999999999992,1.1235700000000002,35.392455000000005,35.673435,2019-03-14 23:00:00,113.19999999999992,0.0,17.34519132118631
2019-03-15,LEANHOG,3,128.27999999999997,1.0,20.400000000000002,20.400000000000002,2019-03-21 18:00:00,139.555,9876.000000000022,15.415199582477674
2019-03-22,CHEESE,7,1.993,1.0,294.0,294.0,2019-03-28 19:00:00,1.986,-980.0000000000165,14.420206643538101
2019-03-29,COCOA_LDN,7,1003.0,1.30285,291.83840000000004,334.9248,2019-04-11 15:00:00,1076.0,0.0,8.992306727906344
2019-04-12,BTP,7,114.99999999999991,1.1302,49.841820000000006,49.603680000000004,2019-04-18 23:00:00,113.98999999999994,0.0,11.848525134228945
2019-04-19,EUROSTX,6,3035.5,1.1248,32.394239999999996,32.10912,2019-04-25 23:00:00,3033.5,0.0,17.647887186529285
2019-04-26,CHEESE,6,2.075,1.0,252.0,336.0,2019-05-09 19:00:00,2.0849999999999995,959.9999999998948,16.352603442098257
2019-05-10,SHATZ,118,111.58,1.1235,331.4325,329.16099999999994,2019-05-16 23:00:00,111.63,0.0,4.85842658104356
2019-05-17,CAC,11,5100.8,1.1158,54.00472,54.22736000000001,2019-05-23 23:00:00,4961.8,0.0,10.962881352546127
2019-05-24,GILT,4,112.56000000000007,1.2713,25.426000000000002,25.264000000000003,2019-05-30 16:00:00,113.02000000000004,0.0,17.84286996680918
2019-05-31,SOYBEAN,3,806.25,1.0,25.5,25.5,2019-06-06 23:00:00,785.5,-2737.5,13.65747176256069
2019-06-07,GILT,5,113.90000000000003,1.2736,31.840000000000003,31.480000000000004,2019-06-13 16:00:00,113.83000000000006,0.0,16.40804185432884
2019-06-14,US-MATERIAL,3,650.2,1.0,90.0,90.0,2019-06-20 19:00:00,651.7,1350.0,13.320883816851625
2019-06-21,US-REALESTATE,6,344.90000000000026,1.0,60.0,60.0,2019-06-27 21:00:00,331.30000000000024,-5640.00000000002,12.786339977550618
2019-06-28,US-MATERIAL,3,658.9000000000001,1.0,90.0,90.0,2019-07-03 16:00:00,664.3,2729.9999999999727,11.818598458284578
2019-07-05,EUROSTX,5,3149.5,1.1226,26.9424,27.0504,2019-07-11 23:00:00,3104.5,0.0,16.336203168656215
2019-07-12,BBCOMM,20,81.48999999999998,1.0,136.0,136.0,2019-07-18 18:00:00,79.78999999999999,-3799.999999999983,8.871870392185281
2019-07-19,BOBL,26,133.14000000000004,1.1222,148.80372000000003,147.54402000000002,2019-07-25 23:00:00,133.31,0.0,13.513043313310709
2019-07-26,EU-TRAVEL,13,238.5,1.1127,144.651,144.417,2019-08-01 16:00:00,236.1,0.0,9.614088621176823
2019-08-02,GILT,4,116.49000000000004,1.2155,24.310000000000002,24.073999999999998,2019-08-08 16:00:00,117.10000000000008,0.0,13.827248662942344
2019-08-09,US-REALESTATE,5,346.30000000000024,1.0,50.0,50.0,2019-08-15 21:00:00,343.10000000000025,-1599.999999999994,12.691055049941687
2019-08-16,BTP,3,128.15999999999997,1.109,20.960099999999997,21.06216,2019-08-22 23:00:00,128.28999999999996,0.0,16.38259456968725
2019-08-23,US-REALESTATE,6,349.30000000000024,1.0,60.0,60.0,2019-08-29 21:00:00,349.10000000000025,-119.99999999999318,8.279924003386762
2019-08-30,GILT,5,119.00000000000009,1.2158,30.395,30.705,2019-09-05 16:00:00,117.21000000000004,0.0,14.097169748436746
2019-09-06,FTSE250,6,18849.0,1.2282,140.0148,142.5228,2019-09-12 09:00:00,19152.0,0.0,12.359954832487796
2019-09-13,CHEESE,5,2.2620000000000005,1.0,210.0,210.0,2019-09-19 18:00:00,2.237000000000001,-2499.9999999999472,17.426280939997785
2019-09-20,COCOA,8,2274.0,1.0,312.0,312.0,2019-09-26 17:00:00,2312.0,2480.0,19.133101461743617
2019-09-27,COCOA_LDN,9,1214.0,1.2289,353.9232,355.1904,2019-10-03 15:00:00,1234.0,0.0,18.851744294592006
2019-10-04,COCOA,7,2341.0,1.0,273.0,273.0,2019-10-10 17:00:00,2280.0,-3640.0,16.35723769865621
2019-10-11,LIVECOW,6,171.72499999999997,1.0,57.599999999999994,48.0,2019-10-24 23:00:00,175.075,2400.000000000034,12.15222159286452
2019-10-25,CHEESE,5,2.370000000000001,1.0,210.0,168.0,2019-11-07 23:00:00,2.469000000000001,-959.9999999999685,15.686406896584394
2019-11-08,EU-TRAVEL,13,259.29999999999995,1.105,143.65,143.27689999999998,2019-11-14 16:00:00,258.79999999999995,0.0,18.257720849274644
2019-11-15,COCOA,6,2478.0,1.0,234.0,234.0,2019-11-21 18:00:00,2443.0,-1680.0,14.186477703261703
2019-11-22,MILK,6,21.590000000000003,1.0,300.0,300.0,2019-11-27 23:00:00,21.980000000000004,4680.000000000006,14.807349615818666
2019-11-29,US-HEALTH,3,1097.4999999999998,1.0,90.0,90.0,2019-12-05 20:00:00,1095.9999999999998,330.0000000000409,17.393647860989702
2019-12-06,TOPIX,5,1443.5,0.0091948527214465,11.0338232657358,10.97830412646996,2019-12-12 23:00:00,1446.0,-161.3197895077082,10.309289347026008
2019-12-13,SUGAR11,14,10.709999999999988,1.0,78.4,78.4,2019-12-19 17:00:00,10.769999999999987,-156.80000000002485,13.43277963885433
2019-12-20,US-HEALTH,3,1121.7999999999995,1.0,90.0,90.0,2019-12-26 20:00:00,1130.9,660.0000000000819,13.411026353262649
2019-12-27,US-TECH,3,1083.1000000000004,1.0,105.0,105.0,2020-01-02 20:00:00,1097.3000000000002,4409.999999999945,16.908623787847333
2020-01-03,AEX,6,581.1,1.117235,160.88184,159.9264,2020-01-09 23:00:00,577.9499999999999,2736.1097999999374,16.95098123603516
2020-01-10,COCOA_LDN,7,1169.0,1.3064,292.6336,291.5584,2020-01-16 16:00:00,1280.0,0.0,11.188619953380602
2020-01-17,EU-UTILS,13,323.8000000000001,1.11365,209.92302499999997,239.94056249999997,2020-01-30 17:00:00,344.5000000000001,0.0,18.346766068681255
2020-01-31,OAT,5,155.54000000000002,1.103175,39.7143,39.539159999999995,2020-02-06 23:00:00,154.98000000000002,-2649.320499999786,16.390372730295685
2020-02-07,EU-UTILS,12,349.2000000000001,1.09831,191.10593999999995,188.64122999999995,2020-02-13 16:00:00,355.2000000000001,0.0,17.354508071757525
2020-02-14,US-REALESTATE,7,379.6000000000002,1.0,70.0,70.0,2020-02-20 21:00:00,381.6000000000002,210.0000000000091,15.690253351424369
2020-02-21,OAT,6,156.25,1.0785,46.5912,47.52216,2020-02-27 23:00:00,156.82,1758.6584999998813,12.32373167314059
2020-02-28,V2X,31,25.74999999999999,1.10005,88.66403000000001,11.472448000000002,2020-03-26 23:00:00,41.099999999999966,-5253.2962,18.024046583223985
2020-03-27,BTP,3,130.46999999999997,1.10312,20.848968,20.5192575,2020-04-02 23:00:00,127.26999999999995,-10813.232250000154,18.691965191857832
2020-04-03,RICE,3,9.24,1.0,72.0,72.0,2020-04-09 23:00:00,8.995,-1470.0000000000055,9.621058139825331
2020-04-10,CAC,4,4336.8,1.09291,19.235216,19.077872000000003,2020-04-16 23:00:00,4160.8,-8897.361499999999,7.7973606112216585
2020-04-17,NASDAQ_micro,4,10031.75,1.0,1.92,1.92,2020-04-24 00:00:00,9650.75,-3048.0,8.880294378253568
2020-04-24,BTP,3,121.73999999999997,1.077695,20.3684355,20.55942,2020-04-30 23:00:00,123.56999999999996,10678.07160000002,11.724994677075044
2020-05-01,OAT,4,154.89,1.0878,31.328640000000004,31.201632000000004,2020-05-07 23:00:00,153.94,-1094.5176000000006,18.126089495654202
2020-05-08,OJ,6,25.25000000000003,1.0,657.0,547.5,2020-05-28 17:00:00,33.55000000000004,1537.5000000000089,13.551257851231968
2020-05-29,EU-UTILS,9,290.40000000000015,1.101495,143.74509749999996,146.24156249999996,2020-06-04 16:00:00,305.60000000000014,0.0,16.808980839468152
2020-06-05,SUGAR_WHITE,10,155.10000000000002,1.0,100.0,100.0,2020-06-11 16:00:00,161.40000000000003,1850.0000000000236,19.40709647105375
2020-06-12,VIX_mini,12,62.35999999999999,1.0,28.799999999999997,28.799999999999997,2020-06-18 23:00:00,58.95999999999999,-660.0000000000133,13.77344321397865
2020-06-19,OAT,5,155.47999999999996,1.12057,40.340520000000005,40.46238,2020-07-02 17:00:00,156.06,0.0,11.231271004081888
2020-07-03,EU-UTILS,9,316.50000000000017,1.123955,146.67612749999998,147.91065749999999,2020-07-09 16:00:00,310.10000000000014,0.0,16.210378091447673
2020-07-10,NASDAQ_micro,7,11839.25,1.0,3.36,3.36,2020-07-16 21:30:00,11645.75,-1963.5,12.942211244614631
2020-07-17,LIVECOW,4,158.27499999999995,1.0,38.4,38.4,2020-07-23 19:00:00,156.29999999999995,-2440.000000000009,16.2859719241332
2020-07-24,BTP,4,134.14,1.160655,29.248506,37.4114475,2020-08-06 17:00:00,134.88,0.0,17.222868798838842
2020-08-07,COCOA,7,2341.0,1.0,273.0,273.0,2020-08-13 17:00:00,2314.0,-1120.0,19.66147799805255
2020-08-14,LIVECOW,4,161.82499999999993,1.0,38.4,38.4,2020-08-20 23:00:00,161.24999999999994,-760.0000000000364,15.417549248607882
2020-08-21,NASDAQ_micro,9,12589.0,1.0,4.32,4.32,2020-08-27 21:30:00,13058.5,8136.0,14.072516505866991
2020-08-28,CORN_mini,50,182.0,1.0,70.0,70.0,2020-09-03 19:00:00,178.0,-1750.0,15.953334484166339
2020-09-04,V2X,19,45.24999999999996,1.185705,58.573827,58.407348999999996,2020-09-10 20:00:00,41.94999999999996,0.0,17.72861369358127
2020-09-11,CORN_mini,61,189.25,1.0,85.4,72.80000000000001,2020-09-24 19:00:00,187.5,-7020.0,18.44866043561277
2020-09-25,SUGAR_WHITE,9,165.7,1.0,90.0,90.0,2020-10-01 16:00:00,166.10000000000002,45.00000000000989,9.21968031336997
2020-10-02,BTP,4,137.06,1.17376,29.578751999999998,29.63331,2020-10-08 18:00:00,137.90000000000003,0.0,12.16266961275232
2020-10-09,SUGAR_WHITE,11,178.3,1.0,110.0,110.0,2020-10-15 16:00:00,179.3,880.0000000000127,14.274488731137021
2020-10-16,CHEESE,3,3.128,1.0,126.0,126.0,2020-10-22 20:00:00,3.178,2999.999999999989,20.0
2020-10-23,CORN_mini,54,240.0,1.0,75.60000000000001,75.60000000000001,2020-10-29 18:00:00,221.25,-11340.0,17.71849018929318
2020-10-30,OAT,5,159.89999999999998,1.167485,42.02946,42.62202,2020-11-05 17:00:00,160.18999999999994,0.0,9.45434959911342
2020-11-06,SOYBEAN,5,838.5,1.0,42.5,34.0,2020-11-19 19:00:00,886.75,2250.0,16.20271384893964
2020-11-20,COCOA,5,2502.0,1.0,195.0,195.0,2020-11-25 18:00:00,2556.0,1600.0,18.597799765136312
2020-11-27,TOPIX,4,1556.5,0.0095911301228623,9.207484917947808,9.234720625652256,2020-12-03 23:00:00,1554.0,19.18255615684376,15.988169608651267
2020-12-04,FTSE250,3,19696.0,1.3441,76.61370000000001,75.3768,2020-12-10 17:00:00,19353.0,0.0,15.148273872292757
2020-12-11,COPPER-micro,17,3.751,1.0,29.75,29.75,2020-12-17 21:00:00,3.7815,4547.49999999999,15.669677457155961
2020-12-18,CANOLA,26,257.9000000000003,0.785564467348013,49.01922276251601,48.572407136407506,2020-12-24 23:00:00,270.3000000000003,4461.771608433279,17.636512266966296
2020-12-25,CORN_mini,46,266.5,1.0,64.4,58.800000000000004,2021-01-07 19:00:00,310.0,1995.0,18.439745240661832
2021-01-08,COPPER-micro,20,3.876,1.0,35.0,35.0,2021-01-14 21:00:00,3.8405,924.9999999999975,16.392653708132215
2021-01-15,CORN_mini,18,349.75,1.0,25.200000000000003,25.200000000000003,2021-01-21 19:00:00,338.75,-1350.0,18.949728935209016
2021-01-22,NASDAQ_micro,8,14522.0,1.0,3.84,3.84,2021-01-28 21:30:00,14276.75,-3704.0,16.145523364699557
2021-01-29,CORN_mini,20,350.0,1.0,28.000000000000004,28.000000000000004,2021-02-04 19:00:00,364.75,1850.0,11.952514436547128
2021-02-05,EU-AUTO,4,486.0000000000001,1.196675,76.5872,77.64064,2021-02-11 16:00:00,483.30000000000007,0.0,13.163080819613752
2021-02-12,TOPIX,4,1697.5,0.0095464026768113,9.164546569738848,9.084414078949152,2021-02-18 23:00:00,1719.5,608.0715547763539,17.937152582576754
2021-02-19,SUGAR_WHITE,9,270.9,1.0,90.0,90.0,2021-02-25 17:00:00,270.8,-2249.999999999999,19.52215980435199
2021-02-26,COCOA,6,2496.0,1.0,234.0,234.0,2021-03-04 18:00:00,2471.0,180.0,17.193906331041006
2021-03-05,COCOA_LDN,7,1320.0,1.3841,310.0384,311.8976,2021-03-11 16:00:00,1291.0,0.0,12.231715611922375
2021-03-12,LEANHOG,4,97.3,1.0,27.200000000000003,27.200000000000003,2021-03-18 18:00:00,97.925,1800.0,19.22255220356246
2021-03-19,TOPIX,4,1781.0,0.0091849715495506,8.817572687568575,8.795316493966945,2021-03-25 23:00:00,1735.0,-1513.5644855264782,17.632000352121338
2021-03-26,LEANHOG,3,101.225,1.0,20.400000000000002,20.400000000000002,2021-04-01 23:00:00,104.475,1559.9999999999968,15.03171041167507
2021-04-02,SP500_micro,13,4267.125,1.0,8.450000000000001,10.4,2021-04-15 22:30:00,4419.75,5420.0,12.905946395951569
2021-04-16,SUGAR11,7,13.339999999999993,1.0,39.2,39.2,2021-04-22 16:00:00,13.97999999999999,5252.7999999999865,16.7359895930275
2021-04-23,CORN,5,510.25,1.0,40.0,40.0,2021-04-29 20:00:00,502.75,-187.5,20.0
2021-04-30,OATIES,5,194.5,1.0,122.5,122.5,2021-05-06 17:00:00,213.0,5500.0,13.944511980201133
2021-05-07,CORN,4,584.75,1.0,32.0,32.0,2021-05-13 23:00:00,515.25,-14600.0,20.0
2021-05-14,COCOA_LDN,6,1256.0,1.4097,270.6624,271.68,2021-05-20 15:00:00,1191.0,0.0,13.355074330632304
2021-05-21,IBEX_mini,5,8627.399999999998,1.22188,15.2735,15.2479375,2021-05-27 23:00:00,8724.799999999996,10.066772499991089,11.418575909389249
2021-05-28,EU-AUTO,4,593.9000000000001,1.219835,78.06944,77.90048,2021-06-10 17:00:02,614.7000000000002,0.0,14.323792638096329
2021-06-11,US10,6,134.6875,1.0,48.0,48.0,2021-06-17 22:00:00,133.578125,-5531.25,16.436017816248405
2021-06-18,SMI,3,11368.0,1.090085,32.70255,32.671949999999995,2021-06-24 21:00:00,11344.0,0.0,15.513525967311969
2021-06-25,NASDAQ_micro,9,15503.25,1.0,4.32,4.32,2021-07-01 22:00:00,15683.5,3555.0,12.219641625456184
2021-07-02,SP500_micro,20,4576.25,1.0,13.0,13.0,2021-07-08 22:00:00,4577.0,-1350.0,14.689133160393766
2021-07-09,US10,6,135.375,1.0,48.0,48.0,2021-07-15 22:00:00,135.34375,2062.5,13.887135523545512
2021-07-16,OATIES,4,251.0,1.0,98.0,73.5,2021-07-29 20:00:00,274.0,187.5,18.82992369945016
2021-07-30,BBCOMM,20,98.28999999999996,1.0,136.0,136.0,2021-08-05 23:00:00,95.98999999999997,-2399.9999999999777,15.596523180670687
2021-08-06,BTP,5,143.73000000000002,1.18323,37.271745,36.9647775,2021-08-12 18:00:00,143.28000000000003,0.0,14.275352735013309
2021-08-13,SUGAR_WHITE,8,314.3,1.0,80.0,80.0,2021-08-19 16:00:00,323.1,2559.999999999991,18.154381992673787
2021-08-20,COCOA_LDN,8,1294.0,1.3623,348.7488,352.3584,2021-08-26 15:00:00,1286.0,0.0,11.474438091280726
2021-08-27,OJ,4,39.25,1.0,438.0,438.0,2021-09-02 17:00:00,31.65000000000001,-3330.000000000004,15.479101829804355
2021-09-03,US-REALESTATE,5,433.1000000000002,1.0,50.0,50.0,2021-09-09 21:00:00,422.9000000000002,-3500.0,16.65642820403982
2021-09-10,TOPIX,4,1865.5,0.0091052291330911,8.741019967767457,8.755848633266687,2021-09-16 23:00:00,1898.5,252.22970777178983,15.303885066876205
2021-09-17,OATIES,4,359.25,1.0,98.0,98.0,2021-09-23 18:00:00,382.5,6250.0,18.031755638083904
2021-09-24,EUROSTX,7,4045.5,1.174935,39.477816000000004,38.944752,2021-09-30 21:00:00,3889.5,0.0,10.818476804670752
2021-10-01,MILK,5,23.760000000000005,1.0,250.0,250.0,2021-10-07 21:00:00,24.210000000000004,7099.999999999972,13.746396960183652
2021-10-08,OATIES,4,426.75,1.0,98.0,98.0,2021-10-14 19:00:00,438.0,1450.0,20.0
2021-10-15,EUROSTX,9,4011.5,1.158955,50.066855999999994,50.31244799999999,2021-10-21 21:00:00,4026.5,0.0,15.963643610542915
2021-10-22,MILK,4,25.350000000000005,1.0,200.0,200.0,2021-10-28 21:00:00,24.88000000000001,-4000.000000000001,17.845024286599834
2021-10-29,EU-UTILS,12,371.70000000000016,1.167565,203.15630999999996,200.91605999999996,2021-11-04 19:00:00,371.00000000000017,0.0,16.94148777559818
2021-11-05,NASDAQ_micro,7,17493.25,1.0,3.36,3.36,2021-11-11 21:00:00,17192.0,-5316.5,19.018386286432854
2021-11-12,WHEAT,4,837.25,1.0,32.0,32.0,2021-11-18 19:00:00,848.5,3150.0,17.641159503488883
2021-11-19,NASDAQ_micro,7,17660.75,1.0,3.36,3.36,2021-11-24 23:00:00,17510.25,-3608.5,16.255560652109775
2021-11-26,LIVECOW,5,166.92499999999998,1.0,48.0,48.0,2021-12-02 19:00:00,165.54999999999998,-1750.0,17.711696964569615
2021-12-03,OAT,5,157.5,1.13177,40.743719999999996,40.628879999999995,2021-12-09 20:00:00,157.26,0.0,9.710426651902306
2021-12-10,SOYMEAL,3,261.6,1.0,17.1,17.1,2021-12-16 19:00:00,270.0,480.0000000000068,9.250507241949473
2021-12-17,MILK,4,26.340000000000003,1.0,200.0,200.0,2021-12-23 23:00:00,26.430000000000003,1199.9999999999884,10.76880692549228
2021-12-24,SOYMEAL,3,299.5,1.0,17.1,17.1,2021-12-30 19:00:00,301.4,-1230.000000000007,16.762771107875096
2021-12-31,US-REALESTATE,6,456.40000000000015,1.0,60.0,60.0,2022-01-06 21:00:00,439.20000000000016,-10739.999999999987,16.24267487690908
2022-01-07,EU-BANKS,29,95.85,1.129525,47.49652625,48.194556250000005,2022-01-13 21:00:00,98.5,0.0,13.845875748798209
2022-01-14,COCOA,5,2420.0,1.0,195.0,195.0,2022-01-20 18:00:00,2459.0,1250.0,13.085428419385439
2022-01-21,SOYBEAN_mini,9,1162.125,1.0,31.5,28.0,2022-02-10 19:00:00,1307.125,2680.0,15.45751920875908
2022-02-11,COCOA,5,2580.0,1.0,195.0,195.0,2022-02-17 18:00:00,2421.0,-7050.0,15.918892200771632
2022-02-18,GOLD_micro,11,2092.0,1.0,9.680000000000001,9.680000000000001,2022-02-24 21:00:00,2096.8,956.99999999998,15.20063378435289
2022-02-25,WHEAT_mini,7,1062.625,1.0,19.6,19.6,2022-03-03 19:00:00,1263.875,18007.5,17.093636815736463
2022-03-04,BBCOMM,8,124.52999999999996,1.0,54.400000000000006,54.400000000000006,2022-03-10 19:00:00,126.32999999999996,-880.0000000000077,18.09996688938632
2022-03-11,CORN,3,622.25,1.0,24.0,24.0,2022-03-17 18:00:00,617.0,-412.5,12.496506158776425
2022-03-18,EU-HEALTH,4,1065.3000000000002,1.110975,208.8633,206.94664000000003,2022-03-24 21:00:00,1078.1999999999998,0.0,15.953993436913896
2022-03-25,NASDAQ_micro,5,15918.0,1.0,2.4,2.4,2022-03-31 21:00:00,16073.0,1962.5,14.309283220774923
2022-04-01,EU-UTILS,11,371.70000000000016,1.11218,177.39270999999997,174.00253749999996,2022-04-07 21:00:00,380.20000000000016,0.0,9.103426466197277
2022-04-08,EU-HEALTH,4,1150.9,1.090925,205.0939,202.5888,2022-04-14 23:00:00,1151.3000000000002,-2025.887999999921,14.794617896923802
2022-04-15,BBCOMM,11,132.76,1.0,74.80000000000001,74.80000000000001,2022-04-21 19:00:00,131.07,-4685.999999999989,17.978330498043608
2022-04-22,SOYBEAN_mini,10,1476.625,1.0,35.0,35.0,2022-04-28 19:00:00,1440.875,-2950.0,15.897877377148289
2022-04-29,CORN_mini,20,710.5,1.0,28.000000000000004,28.000000000000004,2022-05-05 19:00:00,693.75,-4200.0,14.774016137402654
2022-05-06,BBCOMM,11,132.72999999999996,1.0,74.80000000000001,74.80000000000001,2022-05-12 19:00:00,127.27999999999996,-4564.999999999992,10.387686758942321
2022-05-13,WHEAT_mini,7,1292.625,1.0,19.6,19.6,2022-05-19 19:00:00,1324.875,2520.0,13.669049386669501
2022-05-20,SOYBEAN_mini,9,1447.625,1.0,31.5,31.5,2022-05-26 19:00:00,1482.125,2047.5,10.740627274197328
2022-05-27,EU-DJ-TELECOM,19,295.0,1.071925,203.66575,203.56125,2022-06-02 21:00:00,291.0,0.0,16.904071569170867
2022-06-03,DAX,17,16399.0,1.071375,15.845636249999998,15.750240749999998,2022-06-09 21:00:00,15889.0,0.0,13.124280418496589
2022-06-10,SOYBEAN_mini,8,1504.625,1.0,28.0,28.0,2022-06-16 19:00:00,1455.125,-2780.0,10.702145003813207
2022-06-17,CORN_mini,16,683.75,1.0,22.400000000000002,22.400000000000002,2022-06-23 19:00:00,608.0,-12920.0,9.110997938744596
2022-06-24,SHATZ,11,109.37999999999998,1.052675,28.9485625,30.509249999999998,2022-07-07 20:00:00,110.03499999999998,0.0,12.04399627887063
2022-07-08,NASDAQ_micro,5,13252.25,1.0,2.4,2.4,2022-07-14 21:00:00,12941.0,-1987.5,9.665205951624767
2022-07-15,SUGAR_WHITE,8,382.9,1.0,80.0,80.0,2022-07-21 16:00:00,368.9999999999999,-6000.0000000000455,10.322389289655497
2022-07-22,FTSE250,4,19923.0,1.1999,91.19239999999999,92.4996,2022-07-28 15:00:00,20152.0,0.0,14.469742683561376
2022-07-29,US-REALESTATE,4,394.4000000000001,1.0,40.0,40.0,2022-08-04 23:00:00,389.4000000000001,-2039.9999999999864,16.99003589924742
2022-08-05,NASDAQ_micro,6,14460.75,1.0,2.88,2.88,2022-08-11 21:00:00,14479.75,1974.0,14.99322948549156
2022-08-12,BBCOMM,11,124.59,1.0,74.80000000000001,74.80000000000001,2022-08-18 23:00:00,122.39,-1231.999999999974,13.1252381954039
2022-08-19,EU-DJ-OIL,7,311.8,1.012825,85.07730000000001,83.4645,2022-09-01 23:00:00,296.4,-8750.2135,11.434092058301182
2022-09-02,COCOA_LDN,10,1249.0,1.1509,368.288,370.848,2022-09-08 15:00:00,1225.0,0.0,7.527039820881142
2022-09-09,EU-BANKS,25,74.8,0.995425,36.08415625000001,39.84991500000001,2022-09-22 23:00:00,79.39999999999999,-2134.135500000001,7.435871669794008
2022-09-23,OJ,4,85.05000000000004,1.0,438.0,438.0,2022-09-29 17:00:00,92.55000000000004,4140.000000000004,13.576425668231229
2022-09-30,V2X,33,39.6,0.976725,83.803005,84.459375,2022-10-06 23:00:00,38.44999999999999,-3699.056625000041,8.672233699206467
2022-10-07,SUGAR11,8,15.490000000000002,1.0,44.800000000000004,44.800000000000004,2022-10-13 16:00:00,15.8,2956.7999999999847,12.157467346338299
2022-10-14,CORN_mini,19,642.75,1.0,26.6,26.6,2022-10-20 23:00:00,627.75,-2755.0,8.22311081030647
2022-10-21,LIVECOW,5,164.6,1.0,48.0,48.0,2022-10-27 23:00:00,166.6,4250.0,13.109747352810814
2022-10-28,EU-UTILS,9,330.4000000000001,0.999325,130.41191249999997,127.31906249999997,2022-11-03 23:00:00,330.30000000000007,1441.048499999995,14.800758510038678
2022-11-04,COCOA_LDN,8,1348.0,1.1379,291.3024,302.848,2022-11-10 16:00:00,1429.0,0.0,13.79854161852608
2022-11-11,EU-UTILS,8,351.1000000000001,1.017775,118.0619,119.84829999999998,2022-11-17 23:00:00,348.80000000000007,-1777.7920000000036,17.354322762583337
2022-11-18,CHEESE,4,2.670000000000001,1.0,168.0,168.0,2022-11-23 23:00:00,2.6020000000000003,-4320.000000000022,9.090636984591645
2022-11-25,EU-UTILS,10,361.30000000000007,1.041275,150.98487499999996,152.01437499999997,2022-12-01 23:00:00,363.2000000000001,1202.170000000018,14.524029777933515
2022-12-02,US10,4,117.734375,1.0,32.0,32.0,2022-12-08 23:00:00,117.515625,2375.0,17.167370345830268
2022-12-09,COCOA,7,2228.0,1.0,273.0,273.0,2022-12-15 18:00:00,2202.0,-1470.0,11.93760644793669
2022-12-16,US10,3,118.0,1.0,24.0,24.0,2022-12-22 23:00:00,116.5,-3187.5,6.50110562753833
2022-12-23,COCOA_LDN,10,1420.0,1.2053,385.696,386.65599999999995,2022-12-29 16:00:00,1415.0,0.0,15.129805411359534
2022-12-30,LIVECOW,6,168.47499999999997,1.0,57.599999999999994,57.599999999999994,2023-01-05 23:00:00,167.29999999999998,-2219.999999999959,11.070264063051388
2023-01-06,COCOA_LDN,7,1459.0,1.2093,270.8832,273.8848,2023-01-12 16:00:00,1447.0,0.0,13.767961720118045
2023-01-13,GOLD_micro,14,2054.0,1.0,12.320000000000002,11.440000000000001,2023-01-26 23:00:00,2083.4,442.0000000000118,16.46232069941183
2023-01-27,SUGAR11,8,17.310000000000002,1.0,44.800000000000004,44.800000000000004,2023-02-02 17:00:00,18.37,9318.39999999999,15.632895587307956
2023-02-03,EU-AUTO,3,594.8000000000001,1.1007,52.833600000000004,51.5208,2023-02-09 23:00:00,598.0000000000001,1457.1157500000043,16.857966612495012
2023-02-10,IBEX_mini,7,9252.8,1.07335,18.783625,18.725,2023-02-16 23:00:00,9326.8,1628.9497,15.164058287182035
2023-02-17,COCOA,5,2461.0,1.0,195.0,195.0,2023-02-23 18:00:00,2456.0,650.0,15.179653733967235
2023-02-24,SUGAR_WHITE,8,477.80000000000007,1.0,80.0,80.0,2023-03-02 17:00:00,477.4,279.99999999995,13.290650290987116
2023-03-03,IBEX_mini,7,9317.8,1.06395,18.619125,18.551750000000002,2023-03-16 23:00:00,8896.699999999999,-2719.041150000014,12.041983679559353
2023-03-17,NASDAQ_micro,5,13529.25,1.0,2.4,2.4,2023-03-23 23:00:00,13689.5,1252.5,12.213486774294955
2023-03-24,GOLD_micro,9,2133.0,1.0,7.920000000000001,7.920000000000001,2023-03-30 23:00:00,2116.9,-1116.0000000000082,14.904239029454075
2023-03-31,SUGAR_WHITE,7,534.3000000000001,1.0,70.0,70.0,2023-04-06 16:00:00,579.7,16625.0,18.277353509099544
2023-04-07,SUGAR11,5,21.77,1.0,28.000000000000004,28.000000000000004,2023-04-13 16:00:00,21.86,111.99999999999864,20.0
2023-04-14,EU-HEALTH,5,1105.9,1.0985,258.1475,257.63050000000004,2023-04-20 23:00:00,1105.2999999999995,-2071.0125000001635,17.259110874623044
2023-04-21,SUGAR_WHITE,5,612.9000000000001,1.0,50.0,50.0,2023-04-27 23:00:00,641.0000000000001,8275.000000000007,19.1913010832246
2023-04-28,SUGAR11,4,24.97,1.0,22.400000000000002,22.400000000000002,2023-05-04 16:00:00,24.1,-3673.600000000001,16.572484333574987
2023-05-05,GOLD_micro,11,2177.4,1.0,9.680000000000001,9.680000000000001,2023-05-11 23:00:00,2139.2,990.0,12.65902972766918
2023-05-12,OAT,3,128.87999999999994,1.09795,23.71572,23.39712,2023-05-18 23:00:00,126.31,-8321.768999999851,8.127183412953261
2023-05-19,NASDAQ_micro,7,14729.5,1.0,3.36,2.88,2023-06-01 23:00:00,15315.25,4587.0,17.885092109083168
2023-06-02,LIVECOW,3,183.725,1.0,28.799999999999997,28.799999999999997,2023-06-08 23:00:00,183.6,-1469.9999999999932,18.654111722026837
2023-06-09,COCOA_LDN,7,1874.0,1.24455,278.7792,204.06400000000002,2023-06-22 15:00:00,1964.0,0.0,17.061432527306557
2023-06-23,OATIES,4,427.5,1.0,98.0,98.0,2023-06-29 23:00:00,409.5,-600.0,15.965490467525326
2023-06-30,LIVECOW,4,185.85,1.0,38.4,38.4,2023-07-06 23:00:00,185.975,-480.0000000000182,15.218060996949093
2023-07-07,V2X,29,21.55,1.0855,81.8467,83.96544,2023-07-13 23:00:00,19.7,-3504.961750000004,7.934513515865376
2023-07-14,NASDAQ_micro,6,16348.0,1.0,2.88,2.88,2023-07-20 23:00:00,16244.75,-2553.0,14.922566967134562
2023-07-21,SUGAR_WHITE,6,623.3000000000001,1.0,60.0,60.0,2023-07-27 23:00:00,620.9000000000001,-480.0000000000068,14.515962751630283
2023-07-28,EU-MEDIA,7,381.8999999999999,1.1091,159.15585,157.11814999999999,2023-08-03 23:00:00,370.0,-2882.8082499999996,14.182323457171863
2023-08-04,V2X,40,21.250000000000004,1.0949,113.86959999999999,114.1972,2023-08-10 23:00:00,20.450000000000003,-2415.720000000003,8.366194127703588
2023-08-11,EU-DJ-OIL,7,335.9,1.09805,92.2362,91.32900000000001,2023-08-17 23:00:00,329.7,-1036.2449999999953,12.817973447465093
2023-08-18,COCOA_LDN,5,2204.0,1.2747,203.952,203.61599999999999,2023-08-24 23:00:00,2202.0,894.0699999999997,11.006275863445252
2023-08-25,OATIES,3,497.0,1.0,73.5,73.5,2023-08-31 23:00:00,500.25,-937.5,15.508856029872144
2023-09-01,COCOA_LDN,5,2407.0,1.2716,203.45600000000002,199.904,2023-09-07 23:00:00,2438.0,2644.0525000000007,16.331526573437102
2023-09-08,SUGAR11,4,25.219999999999995,1.0,22.400000000000002,22.400000000000002,2023-09-14 23:00:00,25.559999999999995,582.3999999999796,13.453728845155458
2023-09-15,EU-DJ-OIL,8,358.90000000000003,1.0748,103.1808,102.09599999999999,2023-09-21 23:00:00,358.5,-555.3180000000052,17.78164976317472
2023-09-22,VIX_mini,36,22.500000000000007,1.0,86.39999999999999,86.39999999999999,2023-09-28 23:00:00,22.85,1331.9999999999907,6.96923750243716
2023-09-29,EU-DJ-OIL,8,362.5,1.05075,100.87200000000001,100.992,2023-10-05 23:00:00,341.5,-8013.397999999998,9.623191046333796
2023-10-06,SHATZ,30,106.045,1.052,78.9,79.7325,2023-10-12 23:00:00,105.995,-1772.3699999997648,9.348994575040146
2023-10-13,EU-MEDIA,9,391.69999999999993,1.0631,196.14194999999998,194.361525,2023-10-19 23:00:00,380.8,-4751.621999999999,15.897778365844013
2023-10-20,SOYMEAL,3,398.7,1.0,17.1,17.1,2023-10-26 23:00:00,396.8,780.0000000000068,16.281407056871803
2023-10-27,COCOA_LDN,5,2849.0,1.2129,194.06400000000002,194.832,2023-11-02 23:00:00,2861.0,909.6000000000004,19.643077949120023
2023-11-03,COCOA,6,3578.0,1.0,234.0,234.0,2023-11-09 23:00:00,3654.0,5400.0,15.005061528335212
2023-11-10,COCOA_LDN,5,2930.0,1.22875,196.6,198.08800000000002,2023-11-16 23:00:00,2992.0,2738.0849999999973,17.386241043422427
2023-11-17,BTP,3,113.32,1.0842,20.49138,20.6247195,2023-11-23 23:00:00,112.79,-2380.0228499999666,15.46957989022045
2023-11-24,EU-MEDIA,11,392.3,1.091255,246.07800250000003,247.54939,2023-11-30 23:00:00,394.9,1623.1509250000272,14.612876781701033
2023-12-01,DOW,17,36783.0,1.0,10.2,10.2,2023-12-07 23:00:00,36940.0,654.5,18.965587093507114
2023-12-08,EURIBOR,10,97.85,1.076105,193.6989,196.2459,2023-12-14 23:00:00,97.94,5023.835625000061,16.04127258764419
2023-12-15,DOW,15,38043.0,1.0,9.0,9.0,2023-12-21 23:00:00,38146.0,1312.5,17.18308865403853
2023-12-22,EURIBOR,9,98.1,1.094375,177.28875000000002,177.30495000000002,2024-01-04 23:00:00,98.035,-3983.6874374999134,18.664407186481558
2024-01-05,EU-HEALTH,3,1098.2,1.094475,154.320975,154.899075,2024-01-11 23:00:00,1098.8,676.3934999999848,15.375288733430407
2024-01-12,US2,8,103.34375,1.0,32.0,32.0,2024-01-18 23:00:00,103.11328125,-6312.5,11.252647065498637
2024-01-19,SUGAR_WHITE,6,606.4,1.0,60.0,60.0,2024-01-25 23:00:00,627.9,5669.999999999993,14.087417154502008
2024-01-26,EU-MEDIA,10,432.19999999999993,1.088535,223.149675,221.27495000000002,2024-02-01 23:00:00,432.4,-106.80925000002395,19.220185871557483
2024-02-02,COCOA_LDN,4,3534.0,1.266145,162.06656,161.6992,2024-02-08 23:00:00,4161.0,30372.383,19.124642944059786
2024-02-09,EU-TECH,5,853.5000000000001,1.078475,126.72081250000001,126.06575,2024-02-15 23:00:00,852.1,-2019.5675,14.91920077885439
2024-02-16,COTTON2,3,95.33,1.0,66.0,66.0,2024-02-22 23:00:00,93.62,-2564.999999999989,13.501392540433578
2024-02-23,EU-AUTO,4,670.2,1.08378,69.36192,69.3328,2024-02-29 23:00:00,684.7,2473.1385999999948,15.277059045378905
2024-03-01,DAX,24,18858.0,1.083325,22.619826,22.759304399999998,2024-03-07 23:00:00,18998.0,2482.0182,13.607892260785171
2024-03-08,GOLD_micro,13,2189.3,1.0,11.440000000000001,11.440000000000001,2024-03-14 23:00:00,2187.7,-1573.0000000000473,16.672408676961496
2024-03-15,COPPER-micro,16,4.052,1.0,28.0,28.0,2024-03-21 23:00:00,4.0625,-1400.0000000000057,11.998947072526361
2024-03-22,FTSE100,4,8043.5,1.27934,24.051591999999996,23.740169999999996,2024-03-28 23:00:00,8113.0,3764.2229000000007,14.520831767850844
2024-03-29,GOLD_micro,12,2255.0,1.0,10.560000000000002,0.0,,,0.0,18.32493709500511
2025-04-04,GOLD_micro,12,2255.0,1.0,10.560000000000002,10.560000000000002,2025-04-10 23:00:00,2312.3,17484.000000000033,18.78883080309865
2025-04-11,BOBL,3,119.13,1.077585,16.487050500000002,16.487050500000002,2025-05-08 23:00:00,119.53,0.0,11.58604822151659
2025-05-09,EU-BANKS,4,140.55,1.077585,6.249993000000001,9.374989500000002,2025-06-12 23:00:00,151.15,0.0,8.638186164464074
2025-06-13,EU-DJ-OIL,4,376.3,1.077585,51.72408,51.72408,2025-07-03 23:00:00,384.1,0.0,13.908566406524846
2025-07-04,SP500_micro,3,6151.5,1.0,1.9500000000000002,2.6,2025-07-31 23:00:00,6201.5,-1015.0,19.456568172304994
2025-08-01,EU-BANKS,6,169.20000000000002,1.077585,9.374989500000002,9.374989500000002,2025-08-28 23:00:00,175.05,0.0,18.437202568409628
2025-08-29,SP500_micro,4,6344.75,1.0,2.6,2.6,2025-09-11 23:00:00,6419.75,2055.0,16.58001201105955
2025-09-12,TOPIX,5,3265.75,0.0066043654855859,7.92523858270308,7.92523858270308,2025-09-18 23:00:00,3281.4478260869564,0.0,19.040718361264883
2025-09-19,SP500_micro,4,6462.25,1.0,2.6,2.6,2025-09-25 23:00:00,6436.192307692308,-996.1538461538476,19.15422113284437
2025-09-26,NIKKEI,3,45560.0,0.0066043654855859,6.736452795297618,6.736452795297618,2025-10-02 23:00:00,45180.0,0.0,18.054095938158785
2025-10-03,SP500_micro,5,6543.192307692308,1.0,3.25,3.25,2025-10-09 23:00:00,6555.692307692308,381.25,19.15115806388204
2025-10-10,TOPIX,4,3399.9478260869564,0.0066043654855859,6.340190866162463,4.755143149621848,2025-10-30 23:00:00,3447.9478260869564,0.0,19.97325161938409
2025-10-31,IBEX_mini,12,11363.0,1.077585,32.32755,32.32755,2025-11-13 23:00:00,11950.0,0.0,17.254216283690003
2025-11-14,EU-BANKS,6,199.20619834710743,1.077585,9.374989500000002,9.374989500000002,2025-11-20 23:00:00,187.00619834710744,0.0,19.60637504051977
2025-11-21,TOPIX,3,3450.4478260869564,0.0066043654855859,4.755143149621848,4.755143149621848,2025-11-27 23:00:00,3506.9478260869564,0.0,9.006381677160606
2025-11-28,EU-BANKS,5,194.95619834710743,1.077585,7.812491250000001,9.374989500000002,2026-01-08 23:00:00,216.28451854699213,0.0,15.439952911667868
2026-01-09,IBEX_mini,6,13003.0,1.077585,16.163775,16.163775,2026-01-15 23:00:00,13070.0,0.0,19.216451679546605
2026-01-16,EU-BANKS,7,223.13451854699213,1.077585,10.937487750000003,10.937487750000003,2026-01-22 23:00:00,222.68451854699217,0.0,20.0
2026-01-23,EU-DJ-OIL,3,467.0887180472804,1.077585,38.79306,38.79306,2026-02-12 23:00:00,521.6887180472804,0.0,20.0
2026-02-13,TOPIX,3,4002.200085587128,0.0066043654855859,4.755143149621848,4.755143149621848,2026-03-05 23:00:00,3821.200085587128,0.0,20.0
2026-03-06,EU-DJ-TELECOM,3,311.01466461656736,1.077585,32.32755,32.32755,2026-03-26 23:00:00,303.71466043163684,0.0,12.511618479554153
2026-03-27,NIKKEI,3,53565.0,0.0066043654855859,6.736452795297618,0.0,2026-04-06 23:00:00,53585.0,0.0,0.9093073793159193
